Name,Gender,Species,Height,Publisher,Alignment,Weight,Superpower,Strength,Costume Color,Image
A-Bomb,Male,Metahuman,203,Marvel Comics,Good,441,Superhuman Strength,10,None,https://upload.wikimedia.org/wikipedia/en/thumb/e/ee/A-Bomb_%28Marvel_Comics%29.jpg/150px-A-Bomb_%28Marvel_Comics%29.jpg
Abin Sur,Male,Alien,185,DC Comics,Good,90,Cosmic Power,40,Green,https://upload.wikimedia.org/wikipedia/en/thumb/a/ac/AbinSurSpace.jpg/200px-AbinSurSpace.jpg
Abomination,Male,Metahuman,203,Marvel Comics,Bad,441,Superhuman Strength,10,None,https://upload.wikimedia.org/wikipedia/en/thumb/4/4d/Abomination_%28Emil_Blonsky%29.jpg/250px-Abomination_%28Emil_Blonsky%29.jpg
Abraxas,Male,Cosmic Entity,1000,Marvel Comics,Bad,1000,Reality Warping,40,Green,https://vignette.wikia.nocookie.net/marveldatabase/images/c/c9/Abraxas_%28Multiverse%29_from_All-New_Official_Handbook_of_the_Marvel_Universe_A_to_Z_Vol_1_1_001.jpg/revision/latest?cb=20170122205549
Absorbing Man,Male,Metahuman,193,Marvel Comics,Bad,122,Matter Duplication,5,None,https://static.comicvine.com/uploads/scale_small/8/84077/1893838-absorbingman018.jpg
Adam Strange,Male,Human,185,DC Comics,Good,88,None,0,Red,https://vignette.wikia.nocookie.net/supermanrebirth/images/e/e9/Adam_Strange.gif/revision/latest?cb=20091017222055
Agent 13,Female,Human,173,Marvel Comics,Good,61,None,0,White,https://upload.wikimedia.org/wikipedia/en/thumb/8/8f/Sharon_Carter_%28Marvel_Comics_character%29.jpg/250px-Sharon_Carter_%28Marvel_Comics_character%29.jpg
Agent Bob,Male,Human,178,Marvel Comics,Good,81,None,0,Green,https://vignette.wikia.nocookie.net/marveldatabase/images/f/fb/Bob_%28Hydra_Agent%29_%28Earth-616%29.jpg/revision/latest/scale-to-width-down/250?cb=20090703232009
Agent Zero,Male,Human,191,Marvel Comics,Good,104,Healing Factor,15,Black,https://vignette.wikia.nocookie.net/marveldatabase/images/1/18/Weapon_X_Days_of_Future_Now_Vol_1_3_Textless.jpg/revision/latest?cb=20110517122213
Air-Walker,Male,Alien,188,Marvel Comics,Bad,108,Cosmic Power,40,Orange,https://static.comicvine.com/uploads/scale_medium/0/77/78685-14529-air-walker.jpg
Ajax,Male,Cyborg,193,Marvel Comics,Bad,90,Cybernetic Enhancements,7,Blue,https://static.comicvine.com/uploads/scale_small/11/117763/3150693-ajax.jpg
Alan Scott,Male,Human,180,DC Comics,Good,90,Energy Manipulation,15,Red,https://vignette.wikia.nocookie.net/marvel_dc/images/9/95/Green_Lantern_Alan_Scott_0003.jpg/revision/latest?cb=20100211183154
Alfred Pennyworth,Male,Human,178,DC Comics,Good,72,None,0,Black,https://img.purch.com/o/aHR0cDovL3d3dy5uZXdzYXJhbWEuY29tL2ltYWdlcy9pLzAwMC8yMjYvOTc2L2kwMi9BbGZyZWQuanBn
Amazo,Male,Android,257,DC Comics,Bad,173,Cybernetic Enhancements,7,Green,https://upload.wikimedia.org/wikipedia/en/7/76/Amazo.png
Ammo,Male,Human,188,Marvel Comics,Bad,101,None,0,Black,https://vignette.wikia.nocookie.net/marveldatabase/images/7/71/Ammo_%28Earth-616%29_from_Daredevil_Vol_5_21_001.jpg/revision/latest?cb=20170617052820
Angel,Male,Mutant,183,Marvel Comics,Good,68,Flight,10,Red,https://upload.wikimedia.org/wikipedia/en/thumb/7/7c/ArchangelThunderbolts.jpg/180px-ArchangelThunderbolts.jpg
Angel Dust,Female,Mutant,165,Marvel Comics,Good,57,Superhuman Strength,10,Purple,https://vignette.wikia.nocookie.net/marveldatabase/images/7/7b/Angel_Dust_%28Earth-616%29_from_Morlocks_Vol_1_1.JPG/revision/latest?cb=20130805013835
Angel Salvadore,Female,Mutant,163,Marvel Comics,Good,54,Flight,10,Yellow,https://vignette.wikia.nocookie.net/marveldatabase/images/d/df/Angel_Salvadore_%28Earth-4321%29_from_Marvel_Universe_The_End_Vol_1_1_0001.jpg/revision/latest?cb=20100915021441
Animal Man,Male,Metahuman,183,DC Comics,Good,83,Animal Attributes,5,Yellow,https://static.comicvine.com/uploads/original/8/84424/5097553-6810143145-Anima.jpg
Annihilus,Male,Alien,180,Marvel Comics,Bad,90,Immortality,20,Green,https://static.comicvine.com/uploads/scale_medium/1/18627/729694-annihilus.jpg
Ant-Man,Male,Human,211,Marvel Comics,Good,122,Size Manipulation,7,Red,https://vignette.wikia.nocookie.net/marveldatabase/images/4/4b/Henry_Pym_%28Earth-20051%29.jpg/revision/latest?cb=20101221221236
Ant-Man II,Male,Human,183,Marvel Comics,Good,86,Size Manipulation,7,Red,https://upload.wikimedia.org/wikipedia/en/3/38/Ant-Man_%28Scott_Lang%29.jpg
Anti-Monitor,Male,God / Eternal,2000,DC Comics,Bad,2000,Cosmic Power,40,Blue,https://vignette.wikia.nocookie.net/greenlantern/images/3/39/Anti-Monitor-3.jpg/revision/latest?cb=20140523164232
Anti-Venom,Male,Symbiote,229,Marvel Comics,Neutral,358,Alien Power,20,White,https://upload.wikimedia.org/wikipedia/en/thumb/7/7d/Anti-Venom.jpg/250px-Anti-Venom.jpg
Apocalypse,Male,Mutant,213,Marvel Comics,Bad,135,Reality Warping,40,Blue,https://upload.wikimedia.org/wikipedia/en/4/48/Apocmessiahwar1.png
Aquababy,Male,Atlantean,50,DC Comics,Good,170,Elemental Manipulation,15,Yellow,https://vignette.wikia.nocookie.net/marvel_dc/images/6/60/Aquababy_001.jpg/revision/latest?cb=20110827162734
Aqualad,Male,Atlantean,178,DC Comics,Good,106,Elemental Manipulation,15,Red,https://upload.wikimedia.org/wikipedia/en/thumb/7/7c/AqualadYJustice.jpg/250px-AqualadYJustice.jpg
Aquaman,Male,Atlantean,185,DC Comics,Good,146,Elemental Manipulation,15,Orange,https://www.syfy.com/sites/syfy/files/styles/1200x680/public/2018/12/aquaman_hero_image.jpg
Arachne,Female,Metahuman,175,Marvel Comics,Good,63,Spider Powers,10,Black,https://vignette.wikia.nocookie.net/marveldatabase/images/b/b8/Silk_Vol_2_2_Marvel_%2792_Variant_Textless.jpg/revision/latest/scale-to-width-down/250?cb=20151116181322
Archangel,Male,Mutant,183,Marvel Comics,Good,68,Flight,10,Purple,https://vignette.wikia.nocookie.net/marveldatabase/images/b/b5/Astonishing_X-Men_Vol_4_5_Character_Variant_Textless.jpg/revision/latest?cb=20171002225506
Arclight,Female,Mutant,173,Marvel Comics,Bad,57,Shockwave Generation,10,Purple,https://vignette.wikia.nocookie.net/marveldatabase/images/4/46/Philippa_Sontag_%28Earth-13625%29_001.jpg/revision/latest?cb=20130720011151
Ardina,Female,Alien,193,Marvel Comics,Good,98,Cosmic Power,40,Gold,https://vignette.wikia.nocookie.net/marveldatabase/images/8/85/Ardina_%28Earth-616%29_from_Defenders_Strange_Heroes_Vol_1_1_001.jpg/revision/latest?cb=20160312154211
Ares,Male,God / Eternal,185,Marvel Comics,Good,270,Godlike Power,50,Black,https://upload.wikimedia.org/wikipedia/en/2/2c/Aresherc.png
Ariel,Female,Mutant,165,Marvel Comics,Good,59,Intangibility,0,Pink,https://static.comicvine.com/uploads/scale_small/0/77/1901108-ariel.jpg
Armor,Female,Mutant,163,Marvel Comics,Good,50,Psychic,30,Yellow,https://vignette.wikia.nocookie.net/marveldatabase/images/a/a2/Wolverine_and_the_X-Men_Alpha_%26_Omega_Vol_1_3_Textless.jpg/revision/latest?cb=20111220054102
Arsenal,Male,Human,182,DC Comics,Good,188,Superhuman Aim,5,Red,https://3.bp.blogspot.com/-DJQAvw_DX0A/VzOmoQwVYkI/AAAAAAAAO_4/KzN_W3EB8FEmrtTo_HNrFc9Kinh5OqaRQCLcB/s1600/Red%2BHood%2BArsenal.jpg
Atlas,Male,Mutant,183,Marvel Comics,Good,101,Godlike Power,50,None,https://vignette.wikia.nocookie.net/marveldatabase/images/6/66/Erik_Josten_%28Earth-616%29_from_Thunderbolts_Vol_3_2_002.png/revision/latest?cb=20160608174810
Atlas,Male,God / Eternal,198,DC Comics,Bad,126,Godlike Power,50,Red,https://static.comicvine.com/uploads/original/1/19614/430756-atlas1.jpg
Atom,Male,Human,178,DC Comics,Good,68,Size Manipulation,7,Blue,https://upload.wikimedia.org/wikipedia/en/thumb/6/67/Atom_%28Ray_Palmer%29.jpg/220px-Atom_%28Ray_Palmer%29.jpg
Atom Girl,Female,Human,168,DC Comics,Good,54,Size Manipulation,7,Blue,https://vignette.wikia.nocookie.net/marvel_dc/images/a/ad/Violet_004.jpg/revision/latest?cb=20060110202526
Atom II,Male,Human,183,DC Comics,Good,81,Size Manipulation,7,Blue,https://upload.wikimedia.org/wikipedia/en/thumb/8/88/AllNewAtom.jpg/250px-AllNewAtom.jpg
Aurora,Female,Mutant,180,Marvel Comics,Good,63,Energy Manipulation,15,White,https://vignette.wikia.nocookie.net/marveldatabase/images/a/a7/Jeanne-Marie_Beaubier_%28Earth-616%29_from_Civil_War_II_Choosing_Sides_Vol_1_5_cover_001.png/revision/latest?cb=20160831202427
Azazel,Male,Demon,183,Marvel Comics,Bad,67,Godlike Power,50,Red,https://vignette.wikia.nocookie.net/marveldatabase/images/4/49/Weapon_X_Vol_3_26_Textless.jpg/revision/latest?cb=20181027023128
Azrael,Male,Human,198,DC Comics,Good,201,Enhanced Physiology,10,White,https://comicnewbies.files.wordpress.com/2015/12/azrael.jpg
Aztar,Male,Cosmic Entity,2000,DC Comics,Good,2000,Godlike Power,50,Green,https://vignette.wikia.nocookie.net/marvel_dc/images/4/41/Spectre_001.jpg/revision/latest/scale-to-width-down/318?cb=20051213085435
Bane,Male,Human,203,DC Comics,Bad,180,Enhanced Physiology,10,Black,https://vignette.wikia.nocookie.net/batman/images/d/dc/Bane_pic.jpg/revision/latest?cb=20090813200925
Banshee,Male,Mutant,183,Marvel Comics,Good,77,Sonic Manipulation,15,Green,https://vignette.wikia.nocookie.net/marveldatabase/images/f/f0/Sean_Cassidy_%28Earth-616%29_from_Astonishing_X-Men_Vol_4_13_001.jpg/revision/latest?cb=20180708001211
Bantam,Male,Mutant,165,Marvel Comics,Good,54,Time Manipulation,20,Purple,https://vignette.wikia.nocookie.net/marveldatabase/images/6/6b/Civil_War_Front_Line_Vol_1_3_page_09_Roberto_Valasquez_%28Earth-616%29.jpg/revision/latest?cb=20091222194555
Batgirl,Female,Human,165,DC Comics,Good,180,None,0,Purple,https://upload.wikimedia.org/wikipedia/en/thumb/2/20/Batgirl_Vol_4_35.png/220px-Batgirl_Vol_4_35.png
Batgirl II,Female,Human,170,DC Comics,Good,57,None,0,Purple,https://upload.wikimedia.org/wikipedia/en/7/75/The_Spoiler_%28The_New_52%29.jpg
Batman,Male,Human,188,DC Comics,Good,95,None,0,Black,https://vignette.wikia.nocookie.net/marvel_dc/images/5/56/Batman_0180.jpg/revision/latest?cb=20130530164421
Batman II,Male,Human,178,DC Comics,Good,77,None,0,Black,https://upload.wikimedia.org/wikipedia/en/thumb/4/42/DickGraysonAsBatman.jpg/170px-DickGraysonAsBatman.jpg
Batwoman,Female,Human,178,DC Comics,Good,184,None,0,Black,https://vignette.wikia.nocookie.net/injusticegodsamongus/images/c/c3/Batwoman_Injustice_2_MOB.png/revision/latest?cb=20190116032220
Beak,Male,Mutant,175,Marvel Comics,Good,63,Flight,10,Yellow,https://upload.wikimedia.org/wikipedia/en/thumb/9/9e/Blackwing.jpg/220px-Blackwing.jpg
Beast,Male,Mutant,180,Marvel Comics,Good,181,Enhanced Physiology,10,Yellow,https://upload.wikimedia.org/wikipedia/en/thumb/c/c3/HenryMcCoy-Beast.jpg/250px-HenryMcCoy-Beast.jpg
Beast Boy,Male,Metahuman,173,DC Comics,Good,68,Animal Attributes,5,Red,https://upload.wikimedia.org/wikipedia/en/thumb/0/09/Beast_Boy_%28DC_Rebirth_version%29.jpg/250px-Beast_Boy_%28DC_Rebirth_version%29.jpg
Beetle,Male,Human,175,Marvel Comics,Bad,194,None,0,Grey,https://vignette.wikia.nocookie.net/marveldatabase/images/3/3a/Abner_Jenkins_%28Earth-616%29_from_Official_Handbook_of_the_Marvel_Universe_Master_Edition_Vol_1_18_0001.jpg/revision/latest?cb=20100622225959
Beta Ray Bill,Male,Alien,201,Marvel Comics,Good,216,Godlike Power,50,Black,https://vignette.wikia.nocookie.net/marveldatabase/images/3/30/Beta_Ray_Bill_%28Earth-616%29_from_Unworthy_Thor_Vol_1_3_002.jpg/revision/latest?cb=20170109235349
Beyonder,Male,God / Eternal,2000,Marvel Comics,Good,2000,Cosmic Power,40,Purple,https://vignette.wikia.nocookie.net/marveldatabase/images/f/f7/New_Avengers_Vol_3_29_Textless.jpg/revision/latest?cb=20141021184725
Big Barda,Female,God / Eternal,188,DC Comics,Bad,135,Godlike Power,50,Yellow,https://vignette.wikia.nocookie.net/marvel_dc/images/9/98/Big_Barda_0005.jpg/revision/latest?cb=20100414162936
Binary,Female,Alien,180,Marvel Comics,Good,54,Energy Manipulation,15,Red,https://vignette.wikia.nocookie.net/marveldatabase/images/0/0c/Black_Panther_Vol_7_3_Carol_Danvers_50th_Anniversary_Variant_Textless.jpg/revision/latest/scale-to-width-down/300?cb=20180417221614
Bishop,Male,Mutant,198,Marvel Comics,Good,124,Energy Manipulation,15,Blue,https://upload.wikimedia.org/wikipedia/en/thumb/3/32/Lucas_Bishop_X-Men.png/250px-Lucas_Bishop_X-Men.png
Bizarro,Male,Bizarro,191,DC Comics,Neutral,155,Enhanced Physiology,10,Blue,https://vignette.wikia.nocookie.net/superman/images/4/44/Bizarro.jpg/revision/latest?cb=20100917043544
Black Adam,Male,God / Eternal,191,DC Comics,Bad,113,Godlike Power,50,Black,https://upload.wikimedia.org/wikipedia/en/1/1e/Blackadam52.PNG
Black Bolt,Male,Inhuman,188,Marvel Comics,Good,95,Sonic Manipulation,15,Black,https://vignette.wikia.nocookie.net/marveldatabase/images/f/f1/IVX_Vol_1_1_Inhumans_Variant_Textless.jpg/revision/latest?cb=20161209094800
Black Canary,Female,Metahuman,165,DC Comics,Good,58,Sonic Manipulation,15,Black,https://vignette.wikia.nocookie.net/marvel_dc/images/0/0e/Birds_of_Prey_Futures_End_Vol_1_1_Textless_B.jpg/revision/latest?cb=20140910170456
Black Canary,Female,Metahuman,170,DC Comics,Good,59,Sonic Manipulation,15,Black,https://vignette.wikia.nocookie.net/marvel_dc/images/6/6f/Black_Canary_0003.jpg/revision/latest?cb=20120209070457
Black Cat,Female,Human,178,Marvel Comics,Good,54,None,0,Black,https://upload.wikimedia.org/wikipedia/en/thumb/e/ee/Black_Cat_%28Felicia_Hardy%29.jpg/250px-Black_Cat_%28Felicia_Hardy%29.jpg
Black Flash,Male,God / Eternal,175,DC Comics,Neutral,178,Superhuman Speed,10,Black,https://upload.wikimedia.org/wikipedia/en/0/04/Black_Flash.jpg
Black Goliath,Male,Human,169,Marvel Comics,Good,178,Size Manipulation,7,Red,https://static.comicvine.com/uploads/scale_small/10/101073/2238962-goliath.png
Black Knight,Male,Human,183,Marvel Comics,Good,86,Enhanced Physiology,10,Black,https://vignette.wikia.nocookie.net/marveldatabase/images/5/56/Black_Knight_Vol_4_1_Textless.jpg/revision/latest?cb=20150820055718
Black Lightning,Male,Metahuman,185,DC Comics,Good,90,Elemental Manipulation,15,Black,https://upload.wikimedia.org/wikipedia/en/thumb/c/c2/Black_Lightning_%28DC_Rebirth_version%29.png/250px-Black_Lightning_%28DC_Rebirth_version%29.png
Black Mamba,Female,Metahuman,170,Marvel Comics,Bad,52,Energy Manipulation,15,Black,https://upload.wikimedia.org/wikipedia/en/thumb/8/8f/Black_mamba_MarvelComics.jpg/198px-Black_mamba_MarvelComics.jpg
Black Manta,Male,Human,188,DC Comics,Bad,92,Enhanced Physiology,10,Black,https://upload.wikimedia.org/wikipedia/en/thumb/8/81/Black_Manta_Aquaman_Rebirth_1.png/220px-Black_Manta_Aquaman_Rebirth_1.png
Black Panther,Male,Metahuman,183,Marvel Comics,Good,90,Enhanced Physiology,10,Black,https://upload.wikimedia.org/wikipedia/en/thumb/9/9f/Black_Panther_OS_Vol_1_2.png/250px-Black_Panther_OS_Vol_1_2.png
Black Widow,Female,Human,170,Marvel Comics,Good,59,None,0,Black,https://static.comicvine.com/uploads/original/11118/111183611/5193180-tumblr_nyxu5mbe891sbqrlmo1_1280.jpg
Blackout,Male,Demon,191,Marvel Comics,Bad,104,Energy Manipulation,15,Black,https://vignette.wikia.nocookie.net/marveldatabase/images/e/e2/Marcus_Daniels_%28Earth-616%29_from_Siege_Vol_1_3_001.jpg/revision/latest/scale-to-width-down/250?cb=20180520064457
Blackwulf,Male,Alien,188,Marvel Comics,Neutral,88,Energy Manipulation,15,Blue,https://static.comicvine.com/uploads/scale_small/1/15776/2022327-blackwulf.jpg
Blade,Male,Vampire,188,Marvel Comics,Good,97,Vampiric Powers,7,Black,https://upload.wikimedia.org/wikipedia/en/thumb/3/37/Blade_%28Marvel_Comics%29.png/250px-Blade_%28Marvel_Comics%29.png
Blaquesmith,Male,Alien,142,Marvel Comics,Good,181,Psychic,30,Blue,https://vignette.wikia.nocookie.net/marveldatabase/images/9/9f/Blaquesmith_%28Earth-12201%29_from_Cable_and_X-Force_Vol_1_10.jpg/revision/latest?cb=20130620232815
Bling!,Female,Mutant,168,Marvel Comics,Good,68,Diamond Powers,2,Yellow,https://static.comicvine.com/uploads/original/0/6754/1049277-984270_1254858113c_super.jpg
Blink,Female,Mutant,165,Marvel Comics,Good,56,Teleportation,7,Pink,https://upload.wikimedia.org/wikipedia/en/thumb/7/7e/New_Mutants_34.jpg/200px-New_Mutants_34.jpg
Blizzard,Male,Metahuman,165,Marvel Comics,Bad,203,Elemental Manipulation,15,Black,https://vignette.wikia.nocookie.net/marveldatabase/images/f/f0/Donald_Gill_%28Earth-616%29_from_Infinity_Heist_Vol_1_3_001.jpg/revision/latest?cb=20131129024250
Blob,Male,Mutant,178,Marvel Comics,Bad,230,Superhuman Strength,10,Black,https://upload.wikimedia.org/wikipedia/en/thumb/0/07/Blobm.PNG/250px-Blobm.PNG
Bloodaxe,Female,Human,218,Marvel Comics,Bad,495,Enhanced Physiology,10,Black,https://static.comicvine.com/uploads/scale_small/1/11352/292936-20024-bloodaxe.jpg
Bloodhawk,Male,Mutant,177,Marvel Comics,Good,171,Shapeshifting,10,Yellow,https://static2.comicvine.com/uploads/original/0/77/87206-105534-bloodhawk.jpg
Bloodwraith,Male,Human,175,Marvel Comics,Bad,205,Magic,30,Red,https://vignette.wikia.nocookie.net/marveldatabase/images/8/8d/Sean_Dolan_%28Earth-616%29_from_Avengers_Vol_3_37_0001.png/revision/latest?cb=20100923002638
Blue Beetle,Male,Human,168,DC Comics,Good,185,None,0,Blue,https://upload.wikimedia.org/wikipedia/en/thumb/7/7f/Blue_Beetle_LAW.png/250px-Blue_Beetle_LAW.png
Blue Beetle II,Male,Human,183,DC Comics,Good,86,None,0,Blue,https://static.comicvine.com/uploads/scale_small/10/100647/5362689-bluereb-1-8-4efae.jpg
Boom-Boom,Female,Mutant,165,Marvel Comics,Good,55,Energy Manipulation,15,Yellow,https://vignette.wikia.nocookie.net/marveldatabase/images/5/52/Tabitha_Smith_%28Earth-616%29_from_All-New_X-Men_Vol_1_40_001.jpg/revision/latest/scale-to-width-down/250?cb=20150424020909
Booster Gold,Male,Human,196,DC Comics,Good,97,None,0,Yellow,https://vignette.wikia.nocookie.net/marvel_dc/images/4/4f/Booster_Gold_v.2_32_virgin.jpg/revision/latest?cb=20140613214714
Brainiac,Male,Android,198,DC Comics,Bad,135,Alien Power,10,Purple,https://upload.wikimedia.org/wikipedia/en/thumb/0/02/Brainiac_%28DC_Comics%29.png/201px-Brainiac_%28DC_Comics%29.png
Brainiac 5,Male,Android,170,DC Comics,Good,61,Alien Power,10,Purple,https://upload.wikimedia.org/wikipedia/en/8/8f/Brianiac_5_%28Post-Infinite_Crisis_version%29.jpg
Brother Voodoo,Male,Human,183,Marvel Comics,Good,99,Magic,30,Purple,https://vignette.wikia.nocookie.net/marveldatabase/images/e/eb/Jericho_Drumm_%28Earth-616%29_from_Uncanny_Avengers_Vol_2_5_001.jpg/revision/latest?cb=20150628015118
Bullseye,Male,Human,183,Marvel Comics,Bad,90,Superhuman Aim,5,Black,https://upload.wikimedia.org/wikipedia/en/thumb/a/a6/Bullseye_%28Marvel_Comics_character%29.jpg/250px-Bullseye_%28Marvel_Comics_character%29.jpg
Bumblebee,Female,Metahuman,170,DC Comics,Good,59,Size Manipulation,7,Yellow,https://upload.wikimedia.org/wikipedia/en/thumb/7/78/BumblebeeOYL.JPG/250px-BumblebeeOYL.JPG
Bushido,Male,Human,174,DC Comics,Good,199,None,0,Blue,https://vignette.wikia.nocookie.net/marvel_dc/images/5/5a/Bushido.jpg/revision/latest?cb=20130710150841
Cable,Male,Mutant,203,Marvel Comics,Good,158,Psychic,30,Yellow,https://upload.wikimedia.org/wikipedia/en/thumb/1/18/Cable-promo-image.jpg/250px-Cable-promo-image.jpg
Callisto,Female,Mutant,175,Marvel Comics,Bad,74,Enhanced Physiology,10,Black,https://upload.wikimedia.org/wikipedia/en/7/7c/Callistox.jpg
Cannonball,Male,Mutant,183,Marvel Comics,Good,81,Flight,10,Blue,https://vignette.wikia.nocookie.net/marveldatabase/images/d/da/Samuel_Guthrie_%28Earth-616%29_from_Avengers_Vol_1_675_001.jpg/revision/latest?cb=20180207234947
Captain America,Male,Metahuman,188,Marvel Comics,Good,108,Enhanced Physiology,10,Blue,https://vignette.wikia.nocookie.net/marveldatabase/images/b/b9/Captain_America_Vol_7_16.NOW_Bermejo_Variant_Textless.jpg/revision/latest?cb=20140114223221
Captain Atom,Male,Metahuman,193,DC Comics,Good,90,Energy Manipulation,15,Blue,https://upload.wikimedia.org/wikipedia/en/thumb/a/a4/Captain_Atom_%28CAFU%27s_art%29.png/220px-Captain_Atom_%28CAFU%27s_art%29.png
Captain Britain,Male,Metahuman,198,Marvel Comics,Good,116,Enhanced Physiology,10,Blue,https://vignette.wikia.nocookie.net/marveldatabase/images/1/12/New_Avengers_Vol_3_30_Textless.jpg/revision/latest?cb=20141115233522
Captain Cold,Male,Human,169,DC Comics,Neutral,192,None,0,Blue,https://upload.wikimedia.org/wikipedia/en/thumb/b/bf/Flash182.jpg/250px-Flash182.jpg
Captain Mar-vell,Male,Alien,188,Marvel Comics,Good,108,Alien Power,10,Green,https://static.comicvine.com/uploads/original/0/3853/197719-61691-captain-marvel.jpg
Captain Marvel,Female,Alien,180,Marvel Comics,Good,74,Energy Manipulation,15,Blue,https://upload.wikimedia.org/wikipedia/en/e/e0/Cover_of_Captain_Marvel_1_-_2013.jpg
Captain Universe,Male,God / Eternal,2000,Marvel Comics,Good,2000,Cosmic Power,40,Blue,https://vignette.wikia.nocookie.net/marveldatabase/images/1/1a/Avengers_Vol_5_6_Textless.jpg/revision/latest?cb=20121115175227
Carnage,Male,Symbiote,185,Marvel Comics,Bad,86,Alien Power,10,Red,https://oyster.ignimgs.com/wordpress/stg.ign.com/2018/08/Carnage-Marvel-Comics-comic-book-720x359.jpg
Catwoman,Female,Human,175,DC Comics,Good,61,None,0,Black,https://upload.wikimedia.org/wikipedia/en/thumb/3/39/Catwoman_art.jpg/170px-Catwoman_art.jpg
Cecilia Reyes,Female,Mutant,170,Marvel Comics,Good,62,Force Fields,10,Yellow,https://vignette.wikia.nocookie.net/marveldatabase/images/4/42/Cecilia_Reyes_%28Earth-616%29_from_X-Men_Battle_of_the_Atom_%28video_game%29_001.jpg/revision/latest/scale-to-width-down/350?cb=20171119004756
Century,Male,Alien,201,Marvel Comics,Good,97,Cosmic Power,40,Black,https://vignette.wikia.nocookie.net/marveldatabase/images/e/e9/Century_%28Alien%29_%28Earth-616%29_from_New_Avengers_Annual_Vol_2_1_0001.jpg/revision/latest?cb=20110921142834
Cerebra,Female,Mutant,158,Marvel Comics,Good,177,Cybernetic Enhancements,7,Blue,https://upload.wikimedia.org/wikipedia/en/a/a0/Xmen2099-30b.jpg
Chamber,Male,Mutant,175,Marvel Comics,Good,63,Energy Manipulation,15,Black,https://vignette.wikia.nocookie.net/marveldatabase/images/c/ce/Generation_M_Vol_1_1_Textless.jpg/revision/latest/scale-to-width-down/180?cb=20081028043622
Chameleon,Male,Human,172,DC Comics,Bad,207,Shapeshifting,10,Blue,https://upload.wikimedia.org/wikipedia/commons/5/5d/Chameleon_Boy.jpg
Changeling,Male,Mutant,180,Marvel Comics,Bad,81,Shapeshifting,10,Blue,https://vignette.wikia.nocookie.net/x-men/images/e/e9/Changeling.jpg/revision/latest?cb=20160715201417
Cheetah,Female,Metahuman,163,DC Comics,Bad,50,Animal Attributes,5,None,https://upload.wikimedia.org/wikipedia/en/thumb/d/d7/Cheetahwonderwoman.PNG/250px-Cheetahwonderwoman.PNG
Citizen Steel,Male,Metahuman,183,DC Comics,Good,170,Superhuman Strength,10,Red,https://vignette.wikia.nocookie.net/marvel_dc/images/d/de/Citizen_Steel.jpg/revision/latest?cb=20140616171438
Clea,Female,Human,162,Marvel Comics,Good,181,Magic,30,Purple,https://vignette.wikia.nocookie.net/marveldatabase/images/8/8d/Clea_%28Earth-616%29_from_Fearless_Defenders_Vol_1_7_001.jpg/revision/latest?cb=20130731210441
Cloak,Male,Metahuman,226,Marvel Comics,Good,70,Energy Manipulation,15,Black,https://static.comicvine.com/uploads/scale_small/0/77/581796-cloak_adrian_alphona01.jpg
Clock King,Male,Human,178,DC Comics,Bad,78,None,0,Green,https://vignette.wikia.nocookie.net/batman/images/0/0e/Fugate_Clock_King.jpg/revision/latest/scale-to-width-down/300?cb=20120525081405
Colossal Boy,Male,Metahuman,180,DC Comics,Good,205,Size Manipulation,7,Red,https://vignette.wikia.nocookie.net/marvel_dc/images/0/08/Colossal_Boy_005.png/revision/latest?cb=20111013205913
Colossus,Male,Mutant,226,Marvel Comics,Good,225,Superhuman Strength,10,Red,https://vignette.wikia.nocookie.net/marveldatabase/images/3/38/Black_Panther_Vol_6_13_ResurrXion_Variant_Textless.jpg/revision/latest?cb=20180522023707
Copycat,Female,Mutant,183,Marvel Comics,Neutral,67,Mimicry,15,White,https://vignette.wikia.nocookie.net/marveldatabase/images/6/6c/Copycat_%28by_Dan_Brereton%29.jpg/revision/latest?cb=20080116152905
Corsair,Male,Human,191,Marvel Comics,Good,79,None,0,Blue,https://vignette.wikia.nocookie.net/marveldatabase/images/9/9a/Christopher_Summers_%28Earth-616%29_from_Mr._and_Mrs._X_Vol_1_4_001.jpg/revision/latest?cb=20181021211549
Cottonmouth,Male,Human,183,Marvel Comics,Bad,99,None,0,Yellow,https://vignette.wikia.nocookie.net/marveldatabase/images/b/bc/Cornell_Stokes_%28Earth-616%29_from_Shadowland_Power_Man_Vol_1_1_001.jpg/revision/latest?cb=20150915094613
Crimson Crusader,Male,Metahuman,175,Marvel Comics,Good,196,Elemental Manipulation,15,Red,https://vignette.wikia.nocookie.net/marveldatabase/images/d/d4/Rory_Destine_%28Earth-616%29.jpg/revision/latest?cb=20120614145433
Crimson Dynamo,Male,Human,180,Marvel Comics,Good,104,None,0,Red,https://upload.wikimedia.org/wikipedia/en/d/de/Crimson_Dynamo_002.jpg
Crystal,Female,Inhuman,168,Marvel Comics,Good,50,Elemental Manipulation,15,Yellow,https://vignette.wikia.nocookie.net/marveldatabase/images/6/65/All-New_Inhumans_Vol_1_2_Textless.jpg/revision/latest?cb=20160130205943
Cyborg,Male,Cyborg,198,DC Comics,Good,173,Cybernetic Enhancements,7,Silver,https://upload.wikimedia.org/wikipedia/en/thumb/5/58/Cyborg_%28Victor_Stone%29.jpg/250px-Cyborg_%28Victor_Stone%29.jpg
Cyborg Superman,Male,Cyborg,150,DC Comics,Bad,199,Cybernetic Enhancements,7,Blue,https://upload.wikimedia.org/wikipedia/en/thumb/2/2d/Hank_Henshaw%2C_as_he_appears_in_the_panel_of_a_comic_book.jpg/205px-Hank_Henshaw%2C_as_he_appears_in_the_panel_of_a_comic_book.jpg
Cyclops,Male,Mutant,191,Marvel Comics,Good,88,Energy Manipulation,15,Blue,https://vignette.wikia.nocookie.net/x-men/images/d/d2/Marvel_now_cyclops.jpeg/revision/latest?cb=20140912190737
Cypher,Male,Mutant,175,Marvel Comics,Good,68,Superhuman Intelligence,10,Yellow,https://upload.wikimedia.org/wikipedia/en/3/36/Cypher_from_X-Men_Legacy_235.jpg
Dagger,Female,Metahuman,165,Marvel Comics,Good,52,Energy Manipulation,15,White,https://upload.wikimedia.org/wikipedia/en/thumb/1/1a/Cloak_and_Dagger_%28Marvel_Comics_characters%29.jpg/250px-Cloak_and_Dagger_%28Marvel_Comics_characters%29.jpg
Daredevil,Male,Metahuman,183,Marvel Comics,Good,90,Enhanced Physiology,10,Red,https://upload.wikimedia.org/wikipedia/en/thumb/1/14/Daredevil_65.jpg/220px-Daredevil_65.jpg
Darkhawk,Male,Metahuman,185,Marvel Comics,Good,81,Alien Power,10,Black,https://vignette.wikia.nocookie.net/marveldatabase/images/8/84/Darkhawk_Vol_1_51_Mora_Variant_Textless.jpg/revision/latest?cb=20170822174205
Darkseid,Male,God / Eternal,267,DC Comics,Bad,817,Godlike Power,50,Blue,https://upload.wikimedia.org/wikipedia/en/f/fe/Darkseid_Final_Crisis_Vol_1_6_Variant.png
Darkstar,Female,Mutant,168,Marvel Comics,Good,56,Energy Manipulation,15,Black,https://static.comicvine.com/uploads/scale_small/13/134753/5735998-img_1766.jpg
Dazzler,Female,Mutant,173,Marvel Comics,Good,52,Energy Manipulation,15,Blue,https://upload.wikimedia.org/wikipedia/en/thumb/5/5b/Dazzler_wiki.png/250px-Dazzler_wiki.png
Deadman,Male,Human,183,DC Comics,Good,90,Magic,30,Red,https://upload.wikimedia.org/wikipedia/en/1/1f/Deadman_%28DC_Comics%29.jpg
Deadpool,Male,Mutant,188,Marvel Comics,Neutral,95,Healing Factor,15,Red,https://upload.wikimedia.org/wikipedia/en/thumb/c/ca/Deadpool.png/220px-Deadpool.png
Deadshot,Male,Human,185,DC Comics,Bad,91,Superhuman Aim,5,Red,https://upload.wikimedia.org/wikipedia/en/thumb/7/7b/Deadshot_2017.png/170px-Deadshot_2017.png
Deathlok,Male,Cyborg,193,Marvel Comics,Good,178,Cybernetic Enhancements,7,Silver,https://static.comicvine.com/uploads/scale_small/14/149570/3790636-comics-deathlok.jpg
Deathstroke,Male,Human,193,DC Comics,Neutral,101,Enhanced Physiology,10,Black,https://upload.wikimedia.org/wikipedia/en/thumb/1/17/Deathstroke_textless_cover.jpg/220px-Deathstroke_textless_cover.jpg
Demogoblin,Male,Demon,185,Marvel Comics,Bad,95,Magic,30,Black,https://vignette.wikia.nocookie.net/marveldatabase/images/c/c9/Demogoblin_%28Earth-616%29.jpg/revision/latest?cb=20140120144843
Destroyer,Male,God / Eternal,188,Marvel Comics,Bad,383,Cosmic Power,40,Silver,https://upload.wikimedia.org/wikipedia/en/thumb/a/ab/TheDestroyer.jpg/220px-TheDestroyer.jpg
Diamondback,Male,Human,193,Marvel Comics,Bad,90,Enhanced Physiology,10,Green,https://upload.wikimedia.org/wikipedia/en/thumb/b/b9/Willis_Stryker.jpg/170px-Willis_Stryker.jpg
Doc Samson,Male,Human,198,Marvel Comics,Good,171,Superhuman Strength,10,None,https://vignette.wikia.nocookie.net/marveldatabase/images/4/4d/Doc_Samson_Vol_2_1_Textless.jpg/revision/latest?cb=20060116165602
Doctor Doom,Male,Metahuman,201,Marvel Comics,Bad,187,Magic,30,Green,https://upload.wikimedia.org/wikipedia/en/thumb/6/60/Doctor_Doom_%282018%29.jpg/250px-Doctor_Doom_%282018%29.jpg
Doctor Fate,Male,Human,188,DC Comics,Good,89,Magic,30,Blue,https://upload.wikimedia.org/wikipedia/en/thumb/f/f7/Doctor_Fate.jpg/250px-Doctor_Fate.jpg
Doctor Octopus,Male,Human,175,Marvel Comics,Bad,110,None,0,Green,https://vignette.wikia.nocookie.net/villains/images/0/04/Octopus2HD.jpg/revision/latest?cb=20170803155054
Doctor Strange,Male,Human,188,Marvel Comics,Good,81,Magic,30,Blue,http://nerdist.com/wp-content/uploads/2016/11/69d052109c1c2500f878ca357be871e2.jpg
Domino,Female,Mutant,173,Marvel Comics,Good,54,Luck Manipulation,5,Black,https://vignette.wikia.nocookie.net/marveldatabase/images/9/93/Domino_Vol_3_2_Textless.jpg/revision/latest?cb=20180222215519
Donna Troy,Female,God / Eternal,175,DC Comics,Good,63,Godlike Power,50,Black,https://vignette.wikia.nocookie.net/marvel_dc/images/d/df/Titans_Vol_3_26_Textless_Variant.jpg/revision/latest?cb=20181016172204
Doomsday,Male,Alien,244,DC Comics,Bad,412,Godlike Power,50,None,https://upload.wikimedia.org/wikipedia/en/thumb/7/77/Doomsday_DC_Comics.png/250px-Doomsday_DC_Comics.png
Doppelganger,Male,Clone,196,Marvel Comics,Bad,104,Spider Powers,10,Red,https://vignette.wikia.nocookie.net/marveldatabase/images/2/25/Peter_Parker_%28Doppelganger%29_%28Earth-616%29_from_Carnage_Vol_1_1_0002.jpg/revision/latest?cb=20120131003038
Dormammu,Male,Demon,185,Marvel Comics,Bad,197,Godlike Power,50,Purple,https://upload.wikimedia.org/wikipedia/en/8/85/Dormammu.jpg
Dr Manhattan,Male,Cosmic Entity,166,DC Comics,Good,174,Cosmic Power,40,None,https://upload.wikimedia.org/wikipedia/en/thumb/d/d6/Doctor_Manhattan.jpg/220px-Doctor_Manhattan.jpg
Drax the Destroyer,Male,Metahuman,193,Marvel Comics,Good,306,Superhuman Strength,10,None,https://upload.wikimedia.org/wikipedia/en/thumb/0/02/Drax-cover.jpg/250px-Drax-cover.jpg
Ego,Male,Cosmic Entity,2000,Marvel Comics,Bad,2000,Godlike Power,50,None,https://upload.wikimedia.org/wikipedia/en/8/8c/Egoplanet.PNG
Electro,Male,Metahuman,180,Marvel Comics,Bad,74,Energy Manipulation,15,Green,https://upload.wikimedia.org/wikipedia/en/thumb/4/4e/Electro_%28Max_Dillon%29.png/170px-Electro_%28Max_Dillon%29.png
Elektra,Female,Human,175,Marvel Comics,Good,59,Enhanced Physiology,10,Red,https://upload.wikimedia.org/wikipedia/en/thumb/a/af/Elektra_3.jpg/250px-Elektra_3.jpg
Elongated Man,Male,Metahuman,185,DC Comics,Good,80,Enhanced Physiology,10,Red,https://upload.wikimedia.org/wikipedia/en/f/fc/Elongated_Man.jpg
Emma Frost,Female,Mutant,178,Marvel Comics,Good,65,Psychic,30,White,https://vignette.wikia.nocookie.net/marveldatabase/images/3/36/Emma_Frost_%28Earth-12101%29.jpg/revision/latest?cb=20130921091027
Enchantress,Female,Human,168,DC Comics,Good,57,Magic,30,Green,https://upload.wikimedia.org/wikipedia/en/thumb/3/3e/Enchantress_DC_Comics.png/250px-Enchantress_DC_Comics.png
ERG-1,Male,Cyborg,152,DC Comics,Good,204,Energy Manipulation,15,Red,https://static.comicvine.com/uploads/original/0/77/214548-83765-wildfire.jpg
Etrigan,Male,Demon,193,DC Comics,Neutral,203,Magic,30,Black,https://upload.wikimedia.org/wikipedia/en/2/29/Blodemon_1.jpg
Exodus,Male,Mutant,183,Marvel Comics,Bad,88,Energy Manipulation,15,Purple,https://upload.wikimedia.org/wikipedia/en/c/c4/Exodusx.png
Fabian Cortez,Male,Mutant,196,Marvel Comics,Bad,96,Energy Manipulation,15,Orange,https://vignette.wikia.nocookie.net/marveldatabase/images/3/34/Fabian_Cortez_%28Earth-616%29_from_Official_Handbook_of_the_Marvel_Universe_Vol_4_7.jpg/revision/latest?cb=20130427010741
Falcon,Male,Metahuman,188,Marvel Comics,Good,108,Enhanced Physiology,10,Red,https://upload.wikimedia.org/wikipedia/en/thumb/b/bb/Ultimate_Falcon.jpg/170px-Ultimate_Falcon.jpg
Fallen One,Male,Demon,2000,Marvel Comics,Bad,190,Cosmic Power,40,None,https://vignette.wikia.nocookie.net/marveldatabase/images/5/5a/Fallen_One_%28Herald%29_%28Earth-616%29.jpg/revision/latest?cb=20101209183132
Faora,Female,Alien,157,DC Comics,Bad,184,Alien Power,10,Black,https://vignette.wikia.nocookie.net/marvel_dc/images/7/7d/Superman_Wonder_Woman_Vol_1_5_Textless.jpg/revision/latest?cb=20140314210216
Feral,Female,Mutant,175,Marvel Comics,Good,50,Animal Attributes,5,Yellow,https://upload.wikimedia.org/wikipedia/en/c/c5/Feral_%28Marvel_Comics%29.jpg
Fighting Spirit,Female,Human,168,DC Comics,Good,190,None,0,Black,https://vignette.wikia.nocookie.net/marvel_dc/images/6/65/Carol_Carter_%28Earth-ABC%29_002.png/revision/latest?cb=20090920033652
Fin Fang Foom,Male,Alien,975,Marvel Comics,Good,18,Magic,30,None,https://vignette.wikia.nocookie.net/marveldatabase/images/e/e3/Invincible_Iron_Man_Vol_3_2_Kirby_Monster_Variant_Textless.jpg/revision/latest?cb=20150911224651
Firebird,Female,Alien,165,Marvel Comics,Good,56,Elemental Manipulation,15,Red,https://upload.wikimedia.org/wikipedia/en/3/38/FirebirdMarvel.jpg
Firelord,Male,Cosmic Entity,193,Marvel Comics,Good,99,Energy Manipulation,15,Red,https://static.comicvine.com/uploads/scale_medium/11/117763/2255473-mfc_firelord.jpg
Firestar,Female,Mutant,173,Marvel Comics,Good,56,Energy Manipulation,15,Red,https://upload.wikimedia.org/wikipedia/en/6/60/Firestar_%28Marvel_Comics%29.png
Firestorm,Male,Metahuman,166,DC Comics,Good,203,Energy Manipulation,15,Red,https://upload.wikimedia.org/wikipedia/en/thumb/f/f0/Firestorm_%28DC_Comics%29.png/220px-Firestorm_%28DC_Comics%29.png
Fixer,Male,Mutant,187,Marvel Comics,Bad,205,None,0,Red,https://upload.wikimedia.org/wikipedia/en/d/db/Fixer_%28comics%29.png
Flash,Male,Metahuman,180,DC Comics,Good,81,Superhuman Speed,10,Red,https://upload.wikimedia.org/wikipedia/en/thumb/e/e2/The_Flash_Vol_5_60.png/250px-The_Flash_Vol_5_60.png
Flash II,Male,Metahuman,183,DC Comics,Good,88,Superhuman Speed,10,Red,https://upload.wikimedia.org/wikipedia/en/thumb/8/88/Wally_West_%28Rebirth_2016%29.jpg/160px-Wally_West_%28Rebirth_2016%29.jpg
Forge,Male,Mutant,183,Marvel Comics,Good,81,Superhuman Intelligence,10,Blue,https://vignette.wikia.nocookie.net/marveldatabase/images/4/4d/Forge_%28Earth-616%29_from_Extraordinary_X-Men_Annual_Vol_1_1_001.jpg/revision/latest/scale-to-width-down/180?cb=20160925010848
Franklin Richards,Male,Mutant,142,Marvel Comics,Good,45,Cosmic Power,40,Blue,https://vignette.wikia.nocookie.net/marveldatabase/images/4/4a/Franklin_Richards_%28Earth-616%29_from_Fantastic_Four_Vol_6_2_001.jpg/revision/latest?cb=20180913004550
Franklin Storm,Male,Mutant,188,Marvel Comics,Good,92,None,0,Blue,https://vignette.wikia.nocookie.net/marveldatabase/images/3/3f/Franklin_Storm_%28Earth-15513%29_from_Secret_Wars_Vol_1_6_001.png/revision/latest?cb=20171106132728
Frenzy,Female,Mutant,211,Marvel Comics,Bad,104,Superhuman Strength,10,Yellow,https://vignette.wikia.nocookie.net/marveldatabase/images/a/a3/X-Men_Legacy_Vol_1_268_Textless_Solicit.jpg/revision/latest?cb=20120320213051
Frigga,Female,God / Eternal,180,Marvel Comics,Good,167,Godlike Power,50,Gold,https://upload.wikimedia.org/wikipedia/en/7/7a/Frigga.jpg
Galactus,Male,Cosmic Entity,876,Marvel Comics,Neutral,16,Cosmic Power,40,Purple,https://upload.wikimedia.org/wikipedia/en/thumb/a/a7/Galactus_%282018%29.jpg/250px-Galactus_%282018%29.jpg
Gambit,Male,Mutant,185,Marvel Comics,Good,81,Energy Manipulation,15,Purple,https://upload.wikimedia.org/wikipedia/en/thumb/9/94/Gambit_%28Marvel_Comics%29.png/250px-Gambit_%28Marvel_Comics%29.png
Gamora,Female,Alien,183,Marvel Comics,Good,77,Alien Power,10,Black,https://upload.wikimedia.org/wikipedia/en/thumb/0/08/Gamora-cover.jpg/250px-Gamora-cover.jpg
Garbage Man,Male,Mutant,165,DC Comics,Good,208,Enhanced Physiology,10,None,https://vignette.wikia.nocookie.net/marvel_dc/images/b/b6/Richard_Morse_01.jpg/revision/latest?cb=20110207173832
General Zod,Male,Alien,161,DC Comics,Bad,177,Alien Power,10,Black,https://upload.wikimedia.org/wikipedia/en/thumb/1/14/General_Zod_SS_vol_5_17.png/250px-General_Zod_SS_vol_5_17.png
Genesis,Male,Mutant,185,Marvel Comics,Good,86,Energy Manipulation,15,Black,https://vignette.wikia.nocookie.net/marveldatabase/images/6/6d/Evan_Sabahnur_%28Earth-616%29_from_All-New_X-Men_Vol_2_1_cover_001.jpg/revision/latest?cb=20160814150936
Ghost Rider,Male,Demon,188,Marvel Comics,Good,99,Magic,30,Black,https://upload.wikimedia.org/wikipedia/en/thumb/1/1f/GhostRiderCVR001b.jpg/250px-GhostRiderCVR001b.jpg
Ghost Rider II,Male,Demon,182,Marvel Comics,Good,202,Magic,30,Black,https://upload.wikimedia.org/wikipedia/en/thumb/f/f8/Ghost_Rider_%28Robbie_Reyes%29.jpg/250px-Ghost_Rider_%28Robbie_Reyes%29.jpg
Giant-Man,Male,Human,155,Marvel Comics,Good,194,Size Manipulation,7,Red,https://vignette.wikia.nocookie.net/marveldatabase/images/2/25/Avengers_Academy_Vol_1_7_Textless.jpg/revision/latest/scale-to-width-down/250?cb=20101220172119
Giganta,Female,Metahuman,62.5,DC Comics,Bad,630,Size Manipulation,7,Yellow,https://upload.wikimedia.org/wikipedia/en/thumb/4/4a/GigantaNewCostume.jpg/220px-GigantaNewCostume.jpg
Gladiator,Male,Alien,198,Marvel Comics,Neutral,268,Energy Manipulation,15,Red,https://vignette.wikia.nocookie.net/p__/images/c/c5/Kallark.jpg/revision/latest?cb=20170928013018&path-prefix=protagonist
Goblin Queen,Female,Mutant,168,Marvel Comics,Bad,50,Psychic,30,Black,https://vignette.wikia.nocookie.net/x-men/images/2/2d/Goblin_Queen.jpg/revision/latest?cb=20080710180304
Gog,Male,Metahuman,171,DC Comics,Bad,175,Energy Manipulation,15,Blue,https://upload.wikimedia.org/wikipedia/en/6/64/JSA16_Gog.jpg
Goliath,Male,Human,155,Marvel Comics,Good,199,Size Manipulation,7,Red,https://vignette.wikia.nocookie.net/marveldatabase/images/8/87/Erik_Josten_%28Earth-616%29_from_Official_Handbook_of_the_Marvel_Universe_Master_Edition_Vol_1_12_001.jpg/revision/latest?cb=20180202184540
Gorilla Grodd,Male,Gorilla,198,DC Comics,Bad,270,Psychic,30,None,https://vignette.wikia.nocookie.net/marvel_dc/images/8/8b/Gorilla_Grodd_0002.jpg/revision/latest/scale-to-width-down/333?cb=20100616023346
Granny Goodness,Female,God / Eternal,178,DC Comics,Bad,115,Godlike Power,50,Purple,https://static.comicvine.com/uploads/scale_small/10/100647/6050460-1a9857c4d3bf07628a4126ed67f54593e3408602_hq.jpg
Gravity,Male,Human,178,Marvel Comics,Good,79,Elemental Manipulation,15,Blue,https://static.comicvine.com/uploads/scale_super/11132/111325377/6527154-2670295-1814285_fearityir004_cov.jpg
Green Arrow,Male,Human,188,DC Comics,Good,88,Superhuman Aim,5,Green,https://upload.wikimedia.org/wikipedia/en/thumb/c/c0/Green_Arrow_%28DC_Rebirth%29.jpg/220px-Green_Arrow_%28DC_Rebirth%29.jpg
Green Goblin,Male,Metahuman,180,Marvel Comics,Bad,83,Enhanced Physiology,10,Purple,https://vignette.wikia.nocookie.net/marveldatabase/images/9/94/Norman_Osborn_%28Earth-616%29_from_Thunderbolts_Vol_1_120.jpg/revision/latest/scale-to-width-down/250?cb=20130228011652
Groot,Male,Alien,701,Marvel Comics,Good,4,Alien Power,10,None,https://vignette.wikia.nocookie.net/marveldatabase/images/b/b5/Thors_Vol_1_2_Keown_Variant_Textless.jpg/revision/latest?cb=20150327154834
Guardian,Male,Human,178,Marvel Comics,Good,206,Cybernetic Enhancements,7,Red,https://vignette.wikia.nocookie.net/marveldatabase/images/3/39/James_Hudson_%28Earth-616%29_from_Amazing_X-Men_Vol_2_8_001.jpg/revision/latest/scale-to-width-down/250?cb=20170610173027
Guy Gardner,Male,Human,188,DC Comics,Good,95,Cosmic Power,40,Green,https://upload.wikimedia.org/wikipedia/en/thumb/4/46/Guy_Gardner_Rebirth.jpg/250px-Guy_Gardner_Rebirth.jpg
Hal Jordan,Male,Human,188,DC Comics,Good,90,Cosmic Power,40,Green,https://vignette.wikia.nocookie.net/marvel_dc/images/8/83/Hal_Jordan_and_the_Green_Lantern_Corps_Vol_1_45_Textless_Variant.jpg/revision/latest?cb=20180523193425
Harley Quinn,Female,Human,170,DC Comics,Bad,63,None,0,Red,https://vignette.wikia.nocookie.net/marvel_dc/images/9/9c/Harley_Quinn_0002.jpg/revision/latest?cb=20140924160126
Havok,Male,Mutant,183,Marvel Comics,Good,79,Energy Manipulation,15,Black,https://vignette.wikia.nocookie.net/marveldatabase/images/f/f1/Astonishing_X-Men_Vol_4_17_Textless.jpg/revision/latest?cb=20180822105533
Hawk,Male,Human,185,DC Comics,Good,89,Enhanced Physiology,10,Red,https://upload.wikimedia.org/wikipedia/en/f/f7/Hawk_%28Hank_Hall%29.jpg
Hawkeye,Male,Human,191,Marvel Comics,Good,104,Superhuman Aim,5,Purple,https://vignette.wikia.nocookie.net/marveldatabase/images/7/7e/Civil_War_II_Vol_1_3_Hawkeye_Variant_Textless.jpg/revision/latest?cb=20160312004004
Hawkeye II,Female,Human,165,Marvel Comics,Good,57,Superhuman Aim,5,Purple,https://vignette.wikia.nocookie.net/marveldatabase/images/e/e2/All-New_Hawkeye_Vol_2_5_Women_of_Power_Variant_Textless.jpg/revision/latest?cb=20181228073223
Hawkgirl,Female,Metahuman,175,DC Comics,Good,61,Alien Power,10,Green,https://upload.wikimedia.org/wikipedia/en/thumb/a/a9/Hawkgirl_%28Kendra_Saunders%29.jpeg/250px-Hawkgirl_%28Kendra_Saunders%29.jpeg
Hawkman,Male,Metahuman,185,DC Comics,Good,88,Alien Power,10,Green,https://upload.wikimedia.org/wikipedia/en/thumb/9/9a/Hawkman_v4_1.jpg/220px-Hawkman_v4_1.jpg
Hawkwoman,Female,Metahuman,175,DC Comics,Good,54,Alien Power,10,Green,https://upload.wikimedia.org/wikipedia/en/thumb/d/d7/Hawkwoman123.jpeg/200px-Hawkwoman123.jpeg
Heat Wave,Male,Human,180,DC Comics,Bad,81,None,0,Red,https://upload.wikimedia.org/wikipedia/en/thumb/8/80/Heat_Wave_%28DC_Comics_character%29.png/250px-Heat_Wave_%28DC_Comics_character%29.png
Hela,Female,God / Eternal,213,Marvel Comics,Bad,225,Godlike Power,50,Green,https://vignette.wikia.nocookie.net/marveldatabase/images/9/91/Mighty_Thor_Vol_1_700_Hughes_Variant_Textless.jpg/revision/latest?cb=20171004182115
Hellcat,Female,Metahuman,173,Marvel Comics,Good,61,Enhanced Physiology,10,Yellow,https://upload.wikimedia.org/wikipedia/en/0/06/Patsy_Walker_%28Hellcat%29.jpg
Hellstorm,Male,Demon,185,Marvel Comics,Good,81,Magic,30,Black,https://vignette.wikia.nocookie.net/marveldatabase/images/e/e3/Daimon_Hellstrom_%28Earth-616%29_from_Venom_Vol_2_23_001.jpg/revision/latest?cb=20121014012007
Hercules,Male,God / Eternal,196,Marvel Comics,Good,146,Godlike Power,50,Brown,https://vignette.wikia.nocookie.net/marveldatabase/images/7/7c/Hercules_Vol_4_1_Textless.jpg/revision/latest?cb=20150820055656
Hobgoblin,Male,Metahuman,180,Marvel Comics,Bad,83,Enhanced Physiology,10,Green,https://vignette.wikia.nocookie.net/marveldatabase/images/5/5a/Spider-Man_Vol_1_237_Textless.jpg/revision/latest?cb=20171219181335
Hollow,Female,Mutant,170,Marvel Comics,Good,188,Diamond Powers,2,Black,https://vignette.wikia.nocookie.net/marveldatabase/images/1/11/Hollow_%28Earth-616%29_from_Generation_X_Vol_1_61_001.jpg/revision/latest?cb=20180702152334
Hope Summers,Female,Mutant,168,Marvel Comics,Good,48,Psychic,30,Green,https://upload.wikimedia.org/wikipedia/en/thumb/7/7b/Hopeadult.jpg/250px-Hopeadult.jpg
Howard the Duck,Male,Duck,79,Marvel Comics,Good,18,Animal Attributes,5,Red,https://vignette.wikia.nocookie.net/marveldatabase/images/8/89/Howard_the_Duck_Vol_6_6_Quinones_Variant_Textless.jpg/revision/latest?cb=20160318220634
Hulk,Male,Metahuman,244,Marvel Comics,Good,630,Superhuman Strength,10,Purple,https://vignette.wikia.nocookie.net/marveldatabase/images/5/55/Immortal_Hulk_Vol_1_1_Crain_Variant_Textless.jpg/revision/latest?cb=20180320235445
Human Torch,Male,Metahuman,178,Marvel Comics,Good,77,Energy Manipulation,15,Blue,https://vignette.wikia.nocookie.net/marveldatabase/images/8/88/Fantastic_Four_Vol_6_1_Human_Torch_Variant_Textless.jpg/revision/latest?cb=20180523100956
Huntress,Female,Human,180,DC Comics,Good,59,None,0,Purple,https://upload.wikimedia.org/wikipedia/en/thumb/2/2f/Huntress_DC_Comics.jpg/220px-Huntress_DC_Comics.jpg
Husk,Female,Mutant,170,Marvel Comics,Good,58,Enhanced Physiology,10,Yellow,https://vignette.wikia.nocookie.net/marveldatabase/images/4/41/Paige_Guthrie_%28Earth-616%29_from_Generation_X_Vol_1_86_001.jpg/revision/latest?cb=20180916233858
Hybrid,Male,Symbiote,175,Marvel Comics,Good,77,Psychic,30,Red,https://vignette.wikia.nocookie.net/marveldatabase/images/b/b9/Hybridmerging.jpg/revision/latest?cb=20090716213732
Hydro-Man,Male,Metahuman,188,Marvel Comics,Bad,119,Elemental Manipulation,15,Blue,https://upload.wikimedia.org/wikipedia/en/thumb/4/4e/Hydro-Man.jpeg/250px-Hydro-Man.jpeg
Hyperion,Male,God / Eternal,183,Marvel Comics,Good,207,Energy Manipulation,15,Yellow,https://vignette.wikia.nocookie.net/marveldatabase/images/9/9f/Hyperion_Vol_1_1_Textless.jpg/revision/latest?cb=20151023184219
Iceman,Male,Mutant,173,Marvel Comics,Good,65,Elemental Manipulation,15,Blue,https://upload.wikimedia.org/wikipedia/en/a/ad/Iceman_%28Bobby_Drake%29.png
Impulse,Male,Human,170,DC Comics,Good,65,Superhuman Speed,10,Orange,https://upload.wikimedia.org/wikipedia/en/d/d6/Impulse_%28Bart_Allen%29.jpg
Indigo,Female,Alien,166,DC Comics,Neutral,164,Cosmic Power,40,Purple,https://upload.wikimedia.org/wikipedia/en/9/91/IndigoDC.jpg
Ink,Male,Mutant,180,Marvel Comics,Good,81,Tattoo Empowerment,3,None,https://static.comicvine.com/uploads/scale_small/1/11768/504160-ink.jpg
Invisible Woman,Female,Metahuman,168,Marvel Comics,Good,54,Invisibility,10,Blue,https://upload.wikimedia.org/wikipedia/en/thumb/e/e4/Invisible_Woman.png/250px-Invisible_Woman.png
Iron Fist,Male,Human,180,Marvel Comics,Good,79,Enhanced Physiology,10,Green,https://upload.wikimedia.org/wikipedia/en/thumb/f/f6/Immortalironfist.jpg/250px-Immortalironfist.jpg
Iron Man,Male,Human,198,Marvel Comics,Good,191,None,0,Red,https://upload.wikimedia.org/wikipedia/en/thumb/e/e0/Iron_Man_bleeding_edge.jpg/250px-Iron_Man_bleeding_edge.jpg
Iron Monger,Male,Human,162,Marvel Comics,Bad,2,None,0,Silver,https://upload.wikimedia.org/wikipedia/en/thumb/4/44/IronMonger.jpg/230px-IronMonger.jpg
Isis,Female,Metahuman,163,DC Comics,Good,188,Godlike Power,50,White,https://upload.wikimedia.org/wikipedia/en/thumb/5/5b/52_week_12_isis.jpg/250px-52_week_12_isis.jpg
Jack of Hearts,Male,Human,155,Marvel Comics,Good,79,Energy Manipulation,15,Gold,https://vignette.wikia.nocookie.net/marveldatabase/images/8/87/Marvel_Zombies_Supreme_Vol_1_4_Textless.jpg/revision/latest?cb=20141225073345
Jean Grey,Female,Mutant,168,Marvel Comics,Good,52,Psychic,30,Green,https://static.comicvine.com/uploads/scale_small/14/148344/6168712-x-men+red.jpg
Jennifer Kale,Female,Human,168,Marvel Comics,Good,55,Magic,30,Black,https://static.comicvine.com/uploads/original/2/28028/846599-hotmammu.jpg
Jesse Quick,Female,Human,163,DC Comics,Good,170,Superhuman Speed,10,Red,https://upload.wikimedia.org/wikipedia/en/7/7b/Jesse_Quick.jpg
Jessica Cruz,Female,Human,152,DC Comics,Good,168,Cosmic Power,40,Green,https://vignette.wikia.nocookie.net/marvel_dc/images/9/94/Green_Lanterns_Vol_1_1_Textless_Variant.jpg/revision/latest?cb=20160617031025
Jessica Jones,Female,Metahuman,170,Marvel Comics,Good,56,Enhanced Physiology,10,Black,https://upload.wikimedia.org/wikipedia/en/thumb/6/6e/Jessica_Jones_by_Mike_Mayhew.jpg/250px-Jessica_Jones_by_Mike_Mayhew.jpg
Jigsaw,Male,Human,188,Marvel Comics,Bad,113,None,0,None,https://upload.wikimedia.org/wikipedia/en/thumb/6/62/Jigsaw1.jpg/250px-Jigsaw1.jpg
John Constantine,Male,Human,183,DC Comics,Good,171,Magic,30,Brown,https://vignette.wikia.nocookie.net/marvel_dc/images/c/cc/John_Constantine_0010.jpg/revision/latest?cb=20120227070728
John Stewart,Male,Human,185,DC Comics,Good,90,Cosmic Power,40,Green,https://upload.wikimedia.org/wikipedia/en/8/8e/Green_Lantern_%28John_Stewart%29.jpg
John Wraith,Male,Mutant,183,Marvel Comics,Good,88,Teleportation,7,Black,https://vignette.wikia.nocookie.net/marveldatabase/images/d/d0/John_Wraith_%28Earth-616%29_004.jpg/revision/latest?cb=20111220142128
Joker,Male,Human,196,DC Comics,Bad,86,None,0,Purple,https://static.comicvine.com/uploads/original/4/48250/924667-joker_by_mike_deodato__jr__by_northchavis.jpg
Jolt,Female,Metahuman,165,Marvel Comics,Good,49,Energy Manipulation,15,Blue,https://vignette.wikia.nocookie.net/marveldatabase/images/d/d0/Helen_Takahama_%28Earth-616%29_from_Avengers-Thunderbolts_Vol_1_5_0001.jpg/revision/latest/scale-to-width-down/250?cb=20101212004740
Jubilee,Female,Mutant,165,Marvel Comics,Good,52,Energy Manipulation,15,Yellow,https://vignette.wikia.nocookie.net/marveldatabase/images/b/b0/Generation_X_Vol_1_87_Textless.jpg/revision/latest?cb=20180304215426
Juggernaut,Male,Metahuman,287,Marvel Comics,Neutral,855,Superhuman Strength,10,Red,https://upload.wikimedia.org/wikipedia/en/thumb/4/44/Juggernaut2.PNG/250px-Juggernaut2.PNG
Junkpile,Male,Mutant,162,Marvel Comics,Bad,188,Elemental Manipulation,15,Silver,https://static.comicvine.com/uploads/scale_small/0/229/91964-13980-junkpile.jpg
Justice,Male,Human,178,Marvel Comics,Good,81,Psychic,30,Blue,https://vignette.wikia.nocookie.net/marveldatabase/images/e/e9/Vance_Astrovik_%28Earth-616%29_from_New_Warriors_Vol_5_12_001.jpg/revision/latest?cb=20180401201836
Kang,Male,God / Eternal,191,Marvel Comics,Bad,104,Cosmic Power,40,Green,https://upload.wikimedia.org/wikipedia/en/thumb/b/b2/Uncanny_Avengers_Vol_1%2C12.jpg/250px-Uncanny_Avengers_Vol_1%2C12.jpg
Karate Kid,Male,Human,173,DC Comics,Good,72,None,0,White,https://upload.wikimedia.org/wikipedia/en/thumb/e/ed/Karatekid.PNG/250px-Karatekid.PNG
Kid Flash,Male,Metahuman,177,DC Comics,Good,192,Superhuman Speed,10,Yellow,https://upload.wikimedia.org/wikipedia/en/thumb/5/53/Kid_Flash_%28Wally_West%29_2nd_costume.png/150px-Kid_Flash_%28Wally_West%29_2nd_costume.png
Kid Flash II,Male,Metahuman,161,DC Comics,Good,177,Superhuman Speed,10,Yellow,https://upload.wikimedia.org/wikipedia/en/thumb/b/b7/Wally_West_II_%28Rebirth_2016%29.jpg/220px-Wally_West_II_%28Rebirth_2016%29.jpg
Killer Croc,Male,Metahuman,244,DC Comics,Bad,356,Animal Attributes,5,Brown,https://upload.wikimedia.org/wikipedia/en/thumb/5/5c/Killer_Croc.png/250px-Killer_Croc.png
Killer Frost,Female,Human,168,DC Comics,Bad,166,Elemental Manipulation,15,Blue,https://vignette.wikia.nocookie.net/marvel_dc/images/7/77/Justice_League_of_America_Killer_Frost_Rebirth_Vol_1_1_Textless_Variant.jpg/revision/latest?cb=20170129033443
Kilowog,Male,Alien,234,DC Comics,Good,324,Cosmic Power,40,Green,https://upload.wikimedia.org/wikipedia/en/a/ae/Kilowog.jpg
King Shark,Male,Animal,184,DC Comics,Bad,188,Animal Attributes,5,None,https://upload.wikimedia.org/wikipedia/en/thumb/2/2e/King_shark.jpg/250px-King_shark.jpg
Kingpin,Male,Human,201,Marvel Comics,Bad,203,None,0,White,https://media.comicbook.com/2016/07/kingping-romita-189138.jpg
Klaw,Male,Metahuman,188,Marvel Comics,Bad,97,Sonic Manipulation,15,Orange,https://static.comicvine.com/uploads/scale_small/1/11352/459651-klaw03.jpg
Kraven the Hunter,Male,Human,183,Marvel Comics,Bad,106,Enhanced Physiology,10,Brown,https://upload.wikimedia.org/wikipedia/en/thumb/d/da/Kraven_the_Hunter_Venom_157.png/250px-Kraven_the_Hunter_Venom_157.png
Krypto,Male,Alien,64,DC Comics,Good,18,Alien Power,10,Red,https://upload.wikimedia.org/wikipedia/en/2/23/Kryptoross.PNG
Kyle Rayner,Male,Human,180,DC Comics,Good,79,Cosmic Power,40,Green,https://upload.wikimedia.org/wikipedia/en/thumb/6/61/Green_Lantern_%28Kyle_Rayner%29.jpg/250px-Green_Lantern_%28Kyle_Rayner%29.jpg
Lady Bullseye,Female,Human,162,Marvel Comics,Bad,167,Superhuman Aim,5,Black,https://upload.wikimedia.org/wikipedia/en/5/53/Lady_Bullseye.jpg
Lady Deathstrike,Female,Mutant,175,Marvel Comics,Bad,58,Healing Factor,15,Black,https://upload.wikimedia.org/wikipedia/en/7/7e/LadyArtistsStrike.jpg
Leader,Male,Metahuman,178,Marvel Comics,Bad,63,Superhuman Intelligence,10,Blue,https://upload.wikimedia.org/wikipedia/en/thumb/e/e1/The_Leader_%28Samuel_Sterns%29.jpg/250px-The_Leader_%28Samuel_Sterns%29.jpg
Leech,Male,Mutant,165,Marvel Comics,Good,175,Power Nullification,10,Yellow,https://upload.wikimedia.org/wikipedia/en/thumb/4/42/X198leech.jpg/250px-X198leech.jpg
Legion,Male,Mutant,175,Marvel Comics,Good,59,Psychic,30,None,https://upload.wikimedia.org/wikipedia/en/b/b5/Legion_%28Marvel_Comics_character%29.png
Lex Luthor,Male,Human,188,DC Comics,Bad,95,None,0,Green,https://upload.wikimedia.org/wikipedia/en/thumb/d/d5/LexLuthor1.png/250px-LexLuthor1.png
Light Lass,Female,Metahuman,165,DC Comics,Good,54,Elemental Manipulation,15,White,https://upload.wikimedia.org/wikipedia/en/thumb/b/b3/31345-light-lass_400.jpg/250px-31345-light-lass_400.jpg
Lightning Lad,Male,Metahuman,155,DC Comics,Good,65,Elemental Manipulation,15,Blue,https://vignette.wikia.nocookie.net/losh/images/8/88/Lightning_lad_2.jpg/revision/latest/scale-to-width-down/200?cb=20131008225644
Lightning Lord,Male,Metahuman,191,DC Comics,Bad,95,Elemental Manipulation,15,Green,https://static.comicvine.com/uploads/scale_small/1/10812/2196826-351436_lightning_lord_by_cinar_d37lbk4_super.jpg
Living Brain,Male,Mutant,198,Marvel Comics,Bad,360,Superhuman Intelligence,10,Silver,https://vignette.wikia.nocookie.net/marveldatabase/images/9/90/Amazing_Spider-Man_Vol_4_18_Textless.jpg/revision/latest?cb=20160621173137
Living Tribunal,Male,Cosmic Entity,2000,Marvel Comics,Neutral,2000,Cosmic Power,40,Blue,https://upload.wikimedia.org/wikipedia/en/d/de/TLT2.png
Lizard,Male,Metahuman,203,Marvel Comics,Bad,230,Animal Attributes,5,Purple,https://upload.wikimedia.org/wikipedia/en/thumb/9/91/Lizard_%28Curt_Connors%29.jpg/250px-Lizard_%28Curt_Connors%29.jpg
Lobo,Male,Alien,229,DC Comics,Neutral,288,Alien Power,10,Black,https://upload.wikimedia.org/wikipedia/en/thumb/5/53/LoboComics.png/250px-LoboComics.png
Loki,Male,God / Eternal,193,Marvel Comics,Bad,236,Godlike Power,50,Green,https://upload.wikimedia.org/wikipedia/en/thumb/4/45/Loki_Laufeyson_Earth_616.jpg/250px-Loki_Laufeyson_Earth_616.jpg
Longshot,Male,Metahuman,188,Marvel Comics,Good,36,Luck Manipulation,5,Black,https://vignette.wikia.nocookie.net/marveldatabase/images/6/62/Longshot_%28Mojoverse%29_from_X-Men_Blue_Vol_1_13_001.jpg/revision/latest?cb=20180613015218
Luke Cage,Male,Metahuman,198,Marvel Comics,Good,191,Enhanced Physiology,10,Yellow,https://vignette.wikia.nocookie.net/marveldatabase/images/7/78/Amazing_Spider-Man_Vol_4_18_Defenders_Variant_Textless.jpg/revision/latest/scale-to-width-down/250?cb=20160621212522
Luna,Female,Metahuman,153,Marvel Comics,Good,165,Psychic,30,None,https://vignette.wikia.nocookie.net/marveldatabase/images/3/3e/Luna_Maximoff_%28Earth-616%29_from_All-New_Inhumans_Vol_1_11_001.PNG/revision/latest?cb=20161017021310
Lyja,Female,Alien,165,Marvel Comics,Good,172,Alien Power,10,Gold,https://upload.wikimedia.org/wikipedia/en/thumb/8/88/Secret_Invasion_Fantastic_Four_2.jpg/250px-Secret_Invasion_Fantastic_Four_2.jpg
Mach-IV,Male,Human,180,Marvel Comics,Bad,79,None,0,Blue,https://upload.wikimedia.org/wikipedia/en/thumb/b/bc/Abner_Jenkins_Mach-VII.jpg/250px-Abner_Jenkins_Mach-VII.jpg
Machine Man,Male,Cyborg,183,Marvel Comics,Good,383,Cybernetic Enhancements,7,Purple,https://upload.wikimedia.org/wikipedia/en/thumb/c/cd/Machineman.PNG/250px-Machineman.PNG
Magneto,Male,Mutant,188,Marvel Comics,Bad,86,Elemental Manipulation,15,Purple,https://upload.wikimedia.org/wikipedia/en/thumb/e/e9/Magneto_%28Marvel_Comics_character%29.jpg/250px-Magneto_%28Marvel_Comics_character%29.jpg
Magog,Male,Metahuman,151,DC Comics,Good,194,Energy Manipulation,15,Gold,https://upload.wikimedia.org/wikipedia/en/c/cc/Magog_%28DC_Comics_character%29.jpg
Magus,Male,Alien,183,Marvel Comics,Bad,186,Alien Power,10,Yellow,https://vignette.wikia.nocookie.net/marveldatabase/images/1/11/Guardians_of_the_Galaxy_Vol_2_23_Textless.jpg/revision/latest?cb=20100402203104
Man-Bat,Male,Human,176,DC Comics,Neutral,177,Animal Attributes,5,None,https://vignette.wikia.nocookie.net/batman/images/b/b3/198461-142368-man-bat.jpg/revision/latest?cb=20111018214841
Man-Thing,Male,Elemental,213,Marvel Comics,Good,225,Magic,30,None,https://vignette.wikia.nocookie.net/marveldatabase/images/3/3d/Man-Thing_Vol_5_2_Deodato_Variant_Textless.jpg/revision/latest?cb=20161220180737
Man-Wolf,Male,Metahuman,188,Marvel Comics,Good,90,Animal Attributes,5,None,https://vignette.wikia.nocookie.net/marveldatabase/images/c/c7/John_Jonah_Jameson_III_%28Earth-616%29_from_Carnage_Vol_2_14_001.jpg/revision/latest?cb=20161116233924
Mandarin,Male,Human,188,Marvel Comics,Bad,97,Magic,30,Green,https://vignette.wikia.nocookie.net/marveldatabase/images/4/45/Mandarin_%28Earth-616%29_from_Invincible_Iron_Man_Vol_1_511_cover.jpg/revision/latest?cb=20111229200254
Mantis,Female,Alien,168,Marvel Comics,Good,52,Alien Power,10,Green,https://upload.wikimedia.org/wikipedia/en/8/8c/Mantismadona.jpg
Martian Manhunter,Male,Alien,201,DC Comics,Good,135,Alien Power,10,Blue,https://upload.wikimedia.org/wikipedia/en/thumb/3/34/Martian_Manhunter_Alex_Ross.png/250px-Martian_Manhunter_Alex_Ross.png
Match,Male,Clone,158,DC Comics,Bad,203,Alien Power,10,Black,https://upload.wikimedia.org/wikipedia/en/thumb/a/a5/Match_%28DC_Comics%29.jpg/225px-Match_%28DC_Comics%29.jpg
Maverick,Male,Mutant,193,Marvel Comics,Good,110,Energy Manipulation,15,Blue,https://vignette.wikia.nocookie.net/marveldatabase/images/0/0b/Christopher_Bradley_%28Earth-616%29_from_All-New_Official_Handbook_of_the_Marvel_Universe_Vol_1_7_0001.jpg/revision/latest?cb=20061120152638
Maxima,Female,Metahuman,180,DC Comics,Bad,72,Alien Power,10,Green,https://upload.wikimedia.org/wikipedia/en/c/cb/Maxima_%28DC_Comics%29.png
Medusa,Female,Inhuman,180,Marvel Comics,Good,59,Enhanced Physiology,10,Purple,https://upload.wikimedia.org/wikipedia/en/thumb/3/38/Medusa_profile.JPG/250px-Medusa_profile.JPG
Mephisto,Male,Demon,198,Marvel Comics,Bad,140,Godlike Power,50,Red,https://vignette.wikia.nocookie.net/marveldatabase/images/e/e4/Mephisto_%28Earth-616%29_from_Deadpool_vs._Thanos_Vol_1_3_001.jpg/revision/latest?cb=20151015031358
Mera,Female,Atlantean,175,DC Comics,Good,72,Elemental Manipulation,15,Green,https://upload.wikimedia.org/wikipedia/en/thumb/b/be/Mera_%28DC_Comics_character%29.jpg/250px-Mera_%28DC_Comics_character%29.jpg
Metallo,Male,Android,196,DC Comics,Bad,90,Cybernetic Enhancements,7,Silver,https://upload.wikimedia.org/wikipedia/en/thumb/f/fc/Metallo_%28DC_Comics%29.png/250px-Metallo_%28DC_Comics%29.png
Metamorpho,Male,Metahuman,185,DC Comics,Good,90,Shapeshifting,10,Orange,https://upload.wikimedia.org/wikipedia/en/e/e9/Nolan_metamorpho.jpg
Metron,Male,God / Eternal,185,DC Comics,Good,86,Godlike Power,50,Blue,https://vignette.wikia.nocookie.net/marvel_dc/images/a/a0/Metron_%28Prime_Earth%29_002.jpg/revision/latest?cb=20150429213154
Micro Lad,Male,Metahuman,183,DC Comics,Good,77,Size Manipulation,7,Green,https://static.comicvine.com/uploads/square_small/6/68065/2019808-microlad03.jpg
Mimic,Male,Mutant,188,Marvel Comics,Good,101,Mimicry,15,Yellow,https://vignette.wikia.nocookie.net/marveldatabase/images/4/49/Calvin_Rankin_%28Earth-616%29_from_X-Men_Legacy_Vol_1_264.jpg/revision/latest?cb=20120328234818
Misfit,Female,Metahuman,166,DC Comics,Good,165,Magic,30,Purple,https://static.comicvine.com/uploads/scale_small/14/148344/4778562-wzatzdn1.jpg
Miss Martian,Female,Alien,178,DC Comics,Good,61,Alien Power,10,Blue,https://upload.wikimedia.org/wikipedia/en/2/2d/Miss_Martian.jpg
Mister Fantastic,Male,Metahuman,185,Marvel Comics,Good,81,Enhanced Physiology,10,Blue,https://vignette.wikia.nocookie.net/marveldatabase/images/1/17/Fantastic_Four_Vol_6_1_Mr._Fantastic_Variant_Textless.jpg/revision/latest?cb=20180627181804
Mister Freeze,Male,Human,183,DC Comics,Bad,86,None,0,Blue,https://upload.wikimedia.org/wikipedia/en/thumb/1/10/Mr._Freeze_Batman_Annual_Vol_2_1.png/250px-Mr._Freeze_Batman_Annual_Vol_2_1.png
Mister Knife,Male,Alien,154,Marvel Comics,Bad,190,Alien Power,10,Red,https://vignette.wikia.nocookie.net/marveldatabase/images/9/94/J%27son_%28Earth-616%29_from_Legendary_Star-Lord_Vol_1_5_0003.jpg/revision/latest?cb=20141107040540
Mister Mxyzptlk,Male,God / Eternal,2000,DC Comics,Bad,2000,Magic,30,Purple,https://upload.wikimedia.org/wikipedia/en/3/3e/Mxyzptlk.PNG
Mister Sinister,Male,Metahuman,196,Marvel Comics,Bad,128,Enhanced Physiology,10,Black,https://upload.wikimedia.org/wikipedia/en/thumb/4/4b/Mister_Sinister.png/170px-Mister_Sinister.png
Mister Zsasz,Male,Human,187,DC Comics,Bad,180,None,0,None,https://upload.wikimedia.org/wikipedia/en/9/9b/StreetsOfGotham4.jpg
Mockingbird,Female,Human,175,Marvel Comics,Good,61,Enhanced Physiology,10,Blue,https://vignette.wikia.nocookie.net/marveldatabase/images/7/77/Mockingbird_Vol_1_3_Torque_Variant_Textless.jpg/revision/latest?cb=20160219080522
MODOK,Male,Cyborg,366,Marvel Comics,Bad,338,Cybernetic Enhancements,7,Yellow,https://terrigen-cdn-dev.marvel.com/content/prod/1x/modok.jpg
Mogo,Male,Cosmic Entity,188,DC Comics,Good,204,Godlike Power,50,None,https://upload.wikimedia.org/wikipedia/en/thumb/b/be/Mogo.jpg/250px-Mogo.jpg
Moloch,Male,Human,150,DC Comics,Bad,171,None,0,None,https://vignette.wikia.nocookie.net/watchmen/images/1/1d/Molochcrying.jpg/revision/latest/scale-to-width-down/180?cb=20151026142713
Molten Man,Male,Metahuman,196,Marvel Comics,Bad,248,Elemental Manipulation,15,None,https://static.comicvine.com/uploads/scale_small/0/40/79267-88077-molten-man.jpg
Monarch,Male,Human,193,DC Comics,Good,90,Enhanced Physiology,10,Blue,https://vignette.wikia.nocookie.net/marvel_dc/images/2/2c/Countdown_44cov.jpg/revision/latest?cb=20070725175306
Moon Knight,Male,Metahuman,188,Marvel Comics,Good,101,Enhanced Physiology,10,White,https://terrigen-cdn-dev.marvel.com/content/prod/1x/moon_knight_head.jpg
Moonstone,Female,Mutant,180,Marvel Comics,Bad,59,Magic,30,Yellow,https://upload.wikimedia.org/wikipedia/en/thumb/7/75/Moonstone.PNG/250px-Moonstone.PNG
Morlun,Male,Demon,188,Marvel Comics,Bad,79,Enhanced Physiology,10,Black,https://upload.wikimedia.org/wikipedia/en/9/94/Morlun.jpg
Morph,Male,Mutant,178,Marvel Comics,Good,79,Mimicry,15,Purple,https://vignette.wikia.nocookie.net/marveldatabase/images/e/ed/Kevin_Sidney_%28Earth-1081%29_from_Exiles_Vol_1_33_0001.gif/revision/latest/scale-to-width-down/250?cb=20090716220955
Moses Magnum,Male,Human,175,Marvel Comics,Bad,72,Elemental Manipulation,15,White,https://vignette.wikia.nocookie.net/marveldatabase/images/e/e0/Moses_Magnum_%28Earth-989192%29_from_Exiles_Vol_1_26_0002.jpg/revision/latest?cb=20090113045726
Mr Immortal,Male,Mutant,188,Marvel Comics,Good,70,Immortality,20,Blue,https://vignette.wikia.nocookie.net/marveldatabase/images/4/41/Craig_Hollis_%28Earth-616%29_from_Deadpool_GLI_-_Summer_Fun_Spectacular_Vol_1_1_001.jpg/revision/latest/scale-to-width-down/200?cb=20170304113807
Ms Marvel II,Female,Inhuman,173,Marvel Comics,Good,61,Psychic,30,Green,https://upload.wikimedia.org/wikipedia/en/d/db/Kamala_Khan.jpg
Multiple Man,Male,Mutant,180,Marvel Comics,Good,70,Duplication,5,Green,https://upload.wikimedia.org/wikipedia/en/thumb/7/70/MultipleMan01.jpg/250px-MultipleMan01.jpg
Mysterio,Male,Human,180,Marvel Comics,Bad,79,None,0,Purple,https://vignette.wikia.nocookie.net/marveldatabase/images/a/a2/Quentin_Beck_%28Earth-616%29_from_Spider-Man_Deadpool_Vol_1_2_001.jpg/revision/latest?cb=20171116175759
Mystique,Female,Mutant,178,Marvel Comics,Bad,54,Shapeshifting,10,Blue,https://upload.wikimedia.org/wikipedia/en/thumb/b/bb/Mystique11.png/250px-Mystique11.png
Namor,Male,Atlantean,188,Marvel Comics,Good,125,Enhanced Physiology,10,Green,https://upload.wikimedia.org/wikipedia/en/thumb/f/f7/NAMOR1cover-CMYKcrop.jpg/250px-NAMOR1cover-CMYKcrop.jpg
Namora,Female,Atlantean,180,Marvel Comics,Good,85,Enhanced Physiology,10,Blue,https://upload.wikimedia.org/wikipedia/en/e/e2/AOATLAS004_COV.jpg
Namorita,Female,Atlantean,168,Marvel Comics,Good,101,Enhanced Physiology,10,Blue,https://vignette.wikia.nocookie.net/marveldatabase/images/d/d5/Namorita_Prentiss_%28Earth-616%29_from_1994_Marvel_Masterpieces_%28Trading_Cards%29_0001.jpg/revision/latest?cb=20061128124856
Nebula,Female,Alien,185,Marvel Comics,Bad,83,Alien Power,10,Blue,https://upload.wikimedia.org/wikipedia/en/c/c1/Nebula_Annihilation_Ronan_Vol_1_1.png
Negasonic Teenage Warhead,Female,Mutant,161,Marvel Comics,Good,162,Psychic,30,Black,https://vignette.wikia.nocookie.net/marveldatabase/images/9/9e/Ellie_Phimister_%28Earth-616%29_from_Deadpool_%26_the_Mercs_for_Money_Vol_2_4_cover.jpg/revision/latest?cb=20161102023219
Nick Fury,Male,Human,185,Marvel Comics,Good,99,None,0,None,https://upload.wikimedia.org/wikipedia/en/thumb/f/f4/Nick_Fury_II.png/250px-Nick_Fury_II.png
Nightcrawler,Male,Mutant,175,Marvel Comics,Good,88,Teleportation,7,Red,https://upload.wikimedia.org/wikipedia/en/thumb/8/88/Nightcrawler.PNG/250px-Nightcrawler.PNG
Nightwing,Male,Human,178,DC Comics,Good,79,None,0,Blue,https://upload.wikimedia.org/wikipedia/en/thumb/1/19/NightwingCover.jpg/250px-NightwingCover.jpg
Nite Owl II,Male,Human,162,DC Comics,Good,195,None,0,Black,https://vignette.wikia.nocookie.net/marvel_dc/images/8/8c/Dan_Dreiberg_01.jpg/revision/latest?cb=20130326135627
Northstar,Male,Mutant,180,Marvel Comics,Good,83,Flight,10,White,https://vignette.wikia.nocookie.net/marveldatabase/images/5/5f/Astonishing_X-Men_Vol_3_59_Textless.jpg/revision/latest?cb=20121115152824
Nova,Male,Human,185,Marvel Comics,Good,86,Cosmic Power,40,Blue,https://upload.wikimedia.org/wikipedia/en/thumb/2/26/Nova1adigranov.jpg/250px-Nova1adigranov.jpg
Nova,Female,Human,163,Marvel Comics,Good,59,Cosmic Power,40,Blue,https://upload.wikimedia.org/wikipedia/en/thumb/3/30/Nova_%28Frankie_Raye%29.jpg/250px-Nova_%28Frankie_Raye%29.jpg
Odin,Male,God / Eternal,206,Marvel Comics,Good,293,Godlike Power,50,Gold,https://vignette.wikia.nocookie.net/marveldatabase/images/8/81/Odin_Borson_%28Earth-20051%29_Marvel_Adventures_Super_Heroes_Vol_1_11.jpg/revision/latest?cb=20140729175625
Offspring,Male,Metahuman,169,DC Comics,Good,182,Enhanced Physiology,10,White,https://static.comicvine.com/uploads/scale_small/6/64770/1664856-offspring.jpg
Omega Red,Male,Mutant,211,Marvel Comics,Bad,191,Healing Factor,15,Red,https://upload.wikimedia.org/wikipedia/en/thumb/d/d2/Xmen18omegared.jpg/250px-Xmen18omegared.jpg
One-Above-All,Male,Cosmic Entity,2000,Marvel Comics,Neutral,2000,Cosmic Power,40,None,https://vignette.wikia.nocookie.net/marveldatabase/images/d/d6/One_Above_All_%28Earth-616%29_from_Official_Handbook_of_the_Marvel_Universe_Vol_2_2_001.jpg/revision/latest?cb=20161030073213
Onslaught,Male,Mutant,305,Marvel Comics,Bad,405,Psychic,30,Purple,https://upload.wikimedia.org/wikipedia/en/thumb/a/a9/Onslaught1.jpg/250px-Onslaught1.jpg
Oracle,Female,Human,178,DC Comics,Good,59,None,0,None,https://vignette.wikia.nocookie.net/marvel_dc/images/9/93/Oracle_Arkhamverse.jpg/revision/latest?cb=20110429063508
Osiris,Male,Metahuman,190,DC Comics,Good,198,Godlike Power,50,Black,https://vignette.wikia.nocookie.net/marvel_dc/images/d/da/Osiris_006.jpg/revision/latest?cb=20100605042100
Ozymandias,Male,Human,161,DC Comics,Bad,183,Superhuman Intelligence,10,Purple,https://vignette.wikia.nocookie.net/marvel_dc/images/e/e0/Adrian_Veidt_Watchmen_0001.png/revision/latest?cb=20171123034834
Parademon,Male,Demon,161,DC Comics,Bad,186,Cosmic Power,40,None,https://static.comicvine.com/uploads/scale_small/6/65423/2130660-parademons.jpg
Penance,Female,Mutant,170,Marvel Comics,Good,171,Enhanced Physiology,10,Black,https://upload.wikimedia.org/wikipedia/en/thumb/e/e7/Penancetbolts.PNG/220px-Penancetbolts.PNG
Penguin,Male,Human,157,DC Comics,Bad,79,None,0,Black,https://upload.wikimedia.org/wikipedia/en/thumb/0/05/PenguinBatman.png/250px-PenguinBatman.png
Phantom,Male,Human,180,DC Comics,Good,195,None,0,Purple,https://upload.wikimedia.org/wikipedia/en/thumb/c/c1/Phantomissue12mikebullock.jpg/200px-Phantomissue12mikebullock.jpg
Phantom Girl,Female,Alien,168,DC Comics,Good,54,Intangibility,10,White,https://vignette.wikia.nocookie.net/marvel_dc/images/c/ce/Phantom_Girl_Pre-Zero_Hour_002.png/revision/latest?cb=20111008092124
Phoenix,Female,Mutant,168,Marvel Comics,Good,52,Cosmic Power,40,Red,https://vignette.wikia.nocookie.net/marveldatabase/images/0/05/Emma_Frost_%28Earth-616%29_from_X-Men_Phoenix_Endsong_Vol_1_4_001.jpg/revision/latest?cb=20070131045737
Plantman,Male,Mutant,183,Marvel Comics,Bad,87,Elemental Manipulation,15,Green,https://vignette.wikia.nocookie.net/marveldatabase/images/9/97/Samuel_Smithers_%28Earth-616%29_from_All-New%2C_All-Different_Avengers_Vol_1_8.jpg/revision/latest?cb=20170916145411
Plastic Man,Male,Human,185,DC Comics,Good,80,Enhanced Physiology,10,Red,https://cdn.empireonline.com/jpg/70/0/0/640/480/aspectfit/0/0/0/0/0/0/c/articles/5c0d4fa9fd0c0bc84448c00a/plasticman.jpg
Plastique,Female,Metahuman,168,DC Comics,Bad,55,Energy Manipulation,15,Purple,https://vignette.wikia.nocookie.net/marvel_dc/images/1/1e/Plastique_PE_01.jpg/revision/latest?cb=20131123050123
Poison Ivy,Female,Human,168,DC Comics,Bad,50,Elemental Manipulation,15,Green,https://upload.wikimedia.org/wikipedia/en/thumb/5/5c/Poison_Ivy_Batman_Vol_3_26.png/250px-Poison_Ivy_Batman_Vol_3_26.png
Polaris,Female,Mutant,170,Marvel Comics,Good,52,Elemental Manipulation,15,Green,https://upload.wikimedia.org/wikipedia/en/thumb/4/48/PolarisMagnetism.jpg/250px-PolarisMagnetism.jpg
Power Girl,Female,Alien,180,DC Comics,Good,81,Alien Power,10,White,https://static.comicvine.com/uploads/scale_small/11/117229/6760745-powergirl+is+the+earth+2+superman+%283%29.jpg
Power Man,Male,Mutant,165,Marvel Comics,Good,171,Energy Manipulation,15,White,https://upload.wikimedia.org/wikipedia/en/thumb/8/8f/Power_man.jpg/250px-Power_man.jpg
Professor X,Male,Mutant,183,Marvel Comics,Good,86,Psychic,30,None,https://upload.wikimedia.org/wikipedia/en/thumb/0/00/Professor_Charles_%27X%27_Xavier.png/250px-Professor_Charles_%27X%27_Xavier.png
Professor Zoom,Male,Metahuman,180,DC Comics,Bad,81,Superhuman Speed,10,Yellow,https://upload.wikimedia.org/wikipedia/en/thumb/a/a7/Reverse_Flash_%28DC_Rebirth%29.jpg/250px-Reverse_Flash_%28DC_Rebirth%29.jpg
Proto-Goblin,Male,Metahuman,189,Marvel Comics,Bad,197,Enhanced Physiology,10,Green,https://vignette.wikia.nocookie.net/marveldatabase/images/3/38/Nels_van_Adder_%28Earth-616%29_001.jpg/revision/latest?cb=20101210194132
Psylocke,Female,Mutant,180,Marvel Comics,Good,70,Psychic,30,Purple,https://vignette.wikia.nocookie.net/superheroes/images/9/96/Psylock.jpg/revision/latest?cb=20141017193358
Punisher,Male,Human,183,Marvel Comics,Good,90,None,0,Black,https://upload.wikimedia.org/wikipedia/en/thumb/4/46/Punisher_%28Frank_Castle%29.jpg/250px-Punisher_%28Frank_Castle%29.jpg
Purple Man,Male,Metahuman,180,Marvel Comics,Bad,74,Psychic,30,Purple,https://upload.wikimedia.org/wikipedia/en/thumb/e/e7/Purple_Man.jpg/250px-Purple_Man.jpg
Pyro,Male,Mutant,178,Marvel Comics,Bad,68,Elemental Manipulation,15,Red,https://upload.wikimedia.org/wikipedia/en/2/2a/Pyro_%28St._John_Allerdyce%29.png
Question,Male,Human,188,DC Comics,Good,83,Enhanced Physiology,10,Blue,https://vignette.wikia.nocookie.net/batman/images/5/5c/The_Question-1.jpg/revision/latest?cb=20090306052828
Quicksilver,Male,Mutant,183,Marvel Comics,Good,79,Superhuman Speed,10,White,https://upload.wikimedia.org/wikipedia/en/6/6e/Quicksilver%21.jpg
Quill,Male,Mutant,163,Marvel Comics,Good,56,Animal Attributes,5,Yellow,https://vignette.wikia.nocookie.net/marveldatabase/images/9/9c/Maxwell_Jordan_%28Earth-616%29_from_New_X-Men_Yearbook_Special_Vol_1_1_0002.jpg/revision/latest/scale-to-width-down/150?cb=20060806003356
Ra's Al Ghul,Male,Human,193,DC Comics,Bad,97,Immortality,20,Green,https://upload.wikimedia.org/wikipedia/en/thumb/a/a9/Ra%27s_al_Ghul_Detective_Comics_953.png/220px-Ra%27s_al_Ghul_Detective_Comics_953.png
Raven,Female,Human,165,DC Comics,Neutral,50,Magic,30,Black,https://vignette.wikia.nocookie.net/marvel_dc/images/9/9a/Raven_Daughter_of_Darkness_Vol_1_1_Textless.jpg/revision/latest?cb=20180124221528
Ray,Male,Metahuman,178,DC Comics,Good,70,Energy Manipulation,15,Blue,https://upload.wikimedia.org/wikipedia/en/6/6c/Ray_%28Ray_Terrill%29.jpg
Razor-Fist II,Male,Human,191,Marvel Comics,Bad,117,None,0,Silver,https://upload.wikimedia.org/wikipedia/en/thumb/d/dc/Razor_fist.jpg/250px-Razor_fist.jpg
Red Arrow,Male,Human,180,DC Comics,Good,83,Superhuman Aim,5,Red,https://upload.wikimedia.org/wikipedia/en/thumb/c/c3/Red_Arrow_%28Roy_Harper%29.png/250px-Red_Arrow_%28Roy_Harper%29.png
Red Hood,Male,Human,183,DC Comics,Neutral,81,None,0,Red,https://upload.wikimedia.org/wikipedia/en/8/85/RedHood-2016.jpg
Red Hulk,Male,Metahuman,213,Marvel Comics,Neutral,630,Superhuman Strength,10,Black,https://vignette.wikia.nocookie.net/marveldatabase/images/f/f2/Avengers_Vol_4_7_Ed_McGuinness_Textless_Variant.jpg/revision/latest?cb=20111117141904
Red Robin,Male,Human,165,DC Comics,Good,56,None,0,Red,https://upload.wikimedia.org/wikipedia/en/thumb/e/e8/Red_Robin_2011.jpg/170px-Red_Robin_2011.jpg
Red Skull,Male,Metahuman,188,Marvel Comics,Bad,108,Enhanced Physiology,10,Black,https://vignette.wikia.nocookie.net/villains/images/a/a7/4314088-red_skull_by_genzoman-d8cptp5.jpg/revision/latest?cb=20160901135306
Red Tornado,Male,Android,185,DC Comics,Good,146,Cybernetic Enhancements,7,Red,https://upload.wikimedia.org/wikipedia/en/7/70/Red_Tornado_%28Ed_Benes%27s_art%29.png
Rhino,Male,Metahuman,196,Marvel Comics,Bad,320,Superhuman Strength,10,Grey,https://upload.wikimedia.org/wikipedia/en/f/fc/Rhinopreview.jpg
Rick Flag,Male,Human,185,DC Comics,Bad,85,None,0,None,https://vignette.wikia.nocookie.net/marvel_dc/images/2/22/Rick_Flag_Jr_0006.jpg/revision/latest?cb=20141112145314
Riddler,Male,Human,156,DC Comics,Bad,181,None,0,Green,https://upload.wikimedia.org/wikipedia/en/thumb/3/35/TelltaleRiddler.jpg/170px-TelltaleRiddler.jpg
Rip Hunter,Male,Human,187,DC Comics,Good,198,None,0,None,https://upload.wikimedia.org/wikipedia/en/d/d8/RipHunter.jpg
Ripcord,Female,Mutant,180,Marvel Comics,Good,72,Pheremone Manipulation,3,Black,https://vignette.wikia.nocookie.net/marveldatabase/images/e/e0/Uncanny_X-Men_Vol_1_408_Textless.jpg/revision/latest?cb=20070117134809
Robin,Male,Human,178,DC Comics,Good,79,None,0,Green,https://upload.wikimedia.org/wikipedia/en/thumb/e/ec/Robin_%28Dick_Grayson_-_New_52_version%29.jpg/170px-Robin_%28Dick_Grayson_-_New_52_version%29.jpg
Robin II,Male,Human,183,DC Comics,Good,101,None,0,Green,https://upload.wikimedia.org/wikipedia/en/thumb/4/4d/Tim_Drake_Red_Robin_Detective_Comics_Vol_1_968.png/250px-Tim_Drake_Red_Robin_Detective_Comics_Vol_1_968.png
Robin III,Male,Human,165,DC Comics,Good,56,None,0,Green,https://upload.wikimedia.org/wikipedia/en/thumb/f/ff/Robin_Jason_Todd.jpg/220px-Robin_Jason_Todd.jpg
Robin V,Male,Human,137,DC Comics,Good,38,None,0,Green,https://upload.wikimedia.org/wikipedia/en/thumb/2/2e/Damian_Wayne_Rebirth.png/170px-Damian_Wayne_Rebirth.png
Rocket Raccoon,Male,Alien,122,Marvel Comics,Good,25,Alien Power,10,Red,https://vignette.wikia.nocookie.net/marveldatabase/images/4/49/Rocket_Raccoon_Vol_2_3_Textless.jpg/revision/latest?cb=20140617210111
Rogue,Female,Mutant,173,Marvel Comics,Good,54,Power Absorption,20,Green,https://upload.wikimedia.org/wikipedia/en/thumb/6/64/Avengers_Rogue.jpg/220px-Avengers_Rogue.jpg
Ronin,Male,Human,191,Marvel Comics,Good,104,Superhuman Aim,5,Black,https://upload.wikimedia.org/wikipedia/en/thumb/5/57/Ultimate_Ronin.png/220px-Ultimate_Ronin.png
Rorschach,Male,Human,168,DC Comics,Good,63,None,0,Brown,https://vignette.wikia.nocookie.net/marvel_dc/images/d/d9/Rorshach_0011.JPG/revision/latest?cb=20121120000300
Sabretooth,Male,Mutant,198,Marvel Comics,Bad,171,Healing Factor,15,Yellow,https://upload.wikimedia.org/wikipedia/en/thumb/7/7f/Sabretooth_%28Victor_Creed%29.jpg/250px-Sabretooth_%28Victor_Creed%29.jpg
Sage,Female,Mutant,170,Marvel Comics,Good,61,Psychic,30,Black,https://upload.wikimedia.org/wikipedia/en/3/32/Sage-xxm19.jpg
Sandman,Male,Metahuman,185,Marvel Comics,Neutral,203,Elemental Manipulation,15,Green,https://upload.wikimedia.org/wikipedia/en/thumb/7/79/Tboltssandman.jpg/250px-Tboltssandman.jpg
Sasquatch,Male,Metahuman,305,Marvel Comics,Good,900,Superhuman Strength,10,None,https://upload.wikimedia.org/wikipedia/en/thumb/6/60/Walter_Langkowski_.jpg/250px-Walter_Langkowski_.jpg
Scarecrow,Male,Human,183,DC Comics,Bad,63,None,0,Brown,https://upload.wikimedia.org/wikipedia/en/thumb/b/b0/Scarecrow_Batman_The_Dark_Knight_Vol_2_12.png/220px-Scarecrow_Batman_The_Dark_Knight_Vol_2_12.png
Scarlet Spider,Male,Metahuman,178,Marvel Comics,Good,74,Spider Powers,10,Red,https://upload.wikimedia.org/wikipedia/en/4/45/Scarlet_Spider_%28Ben_Reilly%29.jpg
Scarlet Witch,Female,Mutant,170,Marvel Comics,Bad,59,Magic,30,Red,https://upload.wikimedia.org/wikipedia/en/9/97/Scarlet_Witch.jpg
Scorpia,Female,Human,172,Marvel Comics,Bad,163,Enhanced Physiology,10,Green,https://vignette.wikia.nocookie.net/marveldatabase/images/e/e6/Elaine_Coll_%28Earth-616%29.jpg/revision/latest?cb=20111125034146
Scorpion,Male,Human,211,Marvel Comics,Bad,310,Enhanced Physiology,10,Green,https://upload.wikimedia.org/wikipedia/en/thumb/b/bf/Scorpion_%28Mac_Gargan%29_early_depiction.jpg/170px-Scorpion_%28Mac_Gargan%29_early_depiction.jpg
Sebastian Shaw,Male,Mutant,151,Marvel Comics,Bad,177,Superhuman Strength,10,Black,https://upload.wikimedia.org/wikipedia/en/7/78/SHAW.jpg
Sentry,Male,Mutant,188,Marvel Comics,Neutral,87,Godlike Power,50,Yellow,https://upload.wikimedia.org/wikipedia/en/thumb/1/16/Sentry%28Robert_Reynolds%29.jpg/250px-Sentry%28Robert_Reynolds%29.jpg
Shadow King,Male,Mutant,185,Marvel Comics,Good,149,Psychic,30,Black,https://upload.wikimedia.org/wikipedia/en/thumb/e/e8/Shadow_King.png/250px-Shadow_King.png
Shadow Lass,Female,Alien,173,DC Comics,Good,54,Energy Manipulation,15,Black,https://upload.wikimedia.org/wikipedia/en/7/7e/Shadow_Lass.jpg
Shadowcat,Female,Mutant,168,Marvel Comics,Good,50,Intangibility,10,Yellow,https://vignette.wikia.nocookie.net/marveldatabase/images/2/2c/X-Men_Gold_Vol_2_30_Kitty_Pryde_Variant_Textless.jpg/revision/latest/scale-to-width-down/250?cb=20180603191145
Shang-Chi,Male,Human,178,Marvel Comics,Good,79,None,0,Red,https://heroichollywood.com/wp-content/uploads/2018/12/Shang_Chi_Marvel_Studios.jpg
Shatterstar,Male,Metahuman,191,Marvel Comics,Good,88,Enhanced Physiology,10,White,https://upload.wikimedia.org/wikipedia/en/thumb/b/be/Shatterstar.png/250px-Shatterstar.png
Shazam,Male,Metahuman,193,DC Comics,Good,101,Godlike Power,50,Red,https://vignette.wikia.nocookie.net/marvel_dc/images/6/61/Shazam%21_Vol_3_1_Textless_Variant.jpg/revision/latest?cb=20181205234924
She-Hulk,Female,Metahuman,201,Marvel Comics,Good,315,Superhuman Strength,10,Purple,https://vignette.wikia.nocookie.net/marveldatabase/images/b/be/Jennifer_Walters_%28Earth-616%29_from_Avengers_Vol_8_4_cover_001.jpg/revision/latest?cb=20180920040815
Shocker,Male,Human,175,Marvel Comics,Bad,79,None,0,Yellow,https://upload.wikimedia.org/wikipedia/en/7/78/Shocker_%28Herman_Schultz%29.jpg
Shriek,Female,Symbiote,173,Marvel Comics,Good,52,Sonic Manipulation,15,Black,https://upload.wikimedia.org/wikipedia/en/thumb/5/59/ShriekDoppel.jpg/220px-ShriekDoppel.jpg
Sif,Female,God / Eternal,188,Marvel Comics,Good,191,Godlike Power,50,Gold,https://upload.wikimedia.org/wikipedia/en/thumb/d/d4/Sif_%28Marvel_comics%29_cover.jpg/250px-Sif_%28Marvel_comics%29_cover.jpg
Silk,Female,Metahuman,153,Marvel Comics,Good,171,Spider Powers,10,White,https://vignette.wikia.nocookie.net/marveldatabase/images/c/ca/Silk_Vol_2_19_Textless.jpg/revision/latest?cb=20170125092646
Silk Spectre,Female,Human,156,DC Comics,Good,165,None,0,Yellow,https://vignette.wikia.nocookie.net/watchmen/images/1/14/SilkSpectre-pinup.jpg/revision/latest/scale-to-width-down/180?cb=20080724231230
Silk Spectre II,Female,Human,161,DC Comics,Good,178,None,0,Yellow,https://vignette.wikia.nocookie.net/marvel_dc/images/b/b6/Laurel_Juspeczyk_001.JPG/revision/latest?cb=20121118170636
Silver Surfer,Male,Alien,193,Marvel Comics,Good,101,Cosmic Power,40,None,https://upload.wikimedia.org/wikipedia/en/9/92/Silver_Surfer.jpg
Silverclaw,Female,God / Eternal,157,Marvel Comics,Good,50,Shapeshifting,10,Red,https://upload.wikimedia.org/wikipedia/en/thumb/1/19/Silverclaw.jpeg/250px-Silverclaw.jpeg
Simon Baz,Male,Human,151,DC Comics,Good,192,Cosmic Power,40,Green,https://vignette.wikia.nocookie.net/marvel_dc/images/0/0f/Green_Lantern_Vol_5_16_Textless.jpg/revision/latest?cb=20130123211859
Sinestro,Male,Alien,201,DC Comics,Neutral,92,Cosmic Power,40,Yellow,https://vignette.wikia.nocookie.net/marvel_dc/images/b/b9/Hal_Jordan_and_the_Green_Lantern_Corps_Vol_1_4_Textless.jpg/revision/latest?cb=20160914140958
Siren,Female,Atlantean,175,DC Comics,Bad,72,Elemental Manipulation,15,Blue,https://vignette.wikia.nocookie.net/marvel_dc/images/b/bf/Siren_006.jpg/revision/latest?cb=20121003115247
Siryn,Female,Mutant,168,Marvel Comics,Bad,52,Sonic Manipulation,15,Green,https://upload.wikimedia.org/wikipedia/en/thumb/7/70/X_FACT_COV005_400.jpg/250px-X_FACT_COV005_400.jpg
Skaar,Male,Alien,198,Marvel Comics,Good,180,Superhuman Strength,10,Black,https://upload.wikimedia.org/wikipedia/en/thumb/9/92/Skaar.jpg/250px-Skaar.jpg
Snowbird,Female,Mutant,178,Marvel Comics,Good,49,Animal Attributes,5,White,https://upload.wikimedia.org/wikipedia/en/thumb/0/07/Snowbirdb.png/175px-Snowbirdb.png
Sobek,Male,Crocodile,190,DC Comics,Good,179,Animal Attributes,5,None,https://static.comicvine.com/uploads/original/1/12075/352703-193756-sobek.jpg
Solomon Grundy,Male,Zombie,279,DC Comics,Bad,437,Superhuman Strength,10,Black,https://upload.wikimedia.org/wikipedia/en/8/8a/Grundyfoe.png
Songbird,Female,Mutant,165,Marvel Comics,Good,65,Sonic Manipulation,15,Blue,https://upload.wikimedia.org/wikipedia/en/d/d3/Songbirdtboltsx.png
Spectre,Male,God / Eternal,2000,DC Comics,Good,2000,Godlike Power,50,Green,https://static.comicvine.com/uploads/scale_small/11114/111147698/4416141-1424896649510.jpg
Speedball,Male,Metahuman,161,Marvel Comics,Good,210,Superhuman Speed,10,Blue,https://vignette.wikia.nocookie.net/marveldatabase/images/e/ea/Robert_Baldwin_%28Earth-616%29_from_Deadpool_Vol_4_32_001.jpg/revision/latest?cb=20170614151209
Speedy,Female,Human,165,DC Comics,Good,153,None,0,Red,https://upload.wikimedia.org/wikipedia/en/thumb/6/60/Speedy_Dearden.jpg/250px-Speedy_Dearden.jpg
Spider-Girl,Female,Metahuman,170,Marvel Comics,Good,54,Spider Powers,10,Blue,https://upload.wikimedia.org/wikipedia/en/thumb/2/2e/Spider-girl-continues.jpg/250px-Spider-girl-continues.jpg
Spider-Gwen,Female,Metahuman,165,Marvel Comics,Good,56,Spider Powers,10,White,https://vignette.wikia.nocookie.net/marveldatabase/images/5/54/Spider-Gwen_Ghost-Spider_Vol_1_5_Textless.jpg/revision/latest?cb=20181122072917
Spider-Man,Male,Metahuman,178,Marvel Comics,Good,74,Spider Powers,10,Red,https://upload.wikimedia.org/wikipedia/en/thumb/2/21/Web_of_Spider-Man_Vol_1_129-1.png/250px-Web_of_Spider-Man_Vol_1_129-1.png
Spider-Woman,Female,Metahuman,178,Marvel Comics,Good,59,Spider Powers,10,Red,https://vignette.wikia.nocookie.net/marveldatabase/images/5/59/Spider-Woman_Vol_5_5_Anka_Variant_Textless.jpg/revision/latest?cb=20150115004418
Spyke,Male,Mutant,183,Marvel Comics,Good,83,Bone Manipulation,1,Blue,https://upload.wikimedia.org/wikipedia/en/thumb/2/21/Spyke.jpg/250px-Spyke.jpg
Star-Lord,Male,Alien,188,Marvel Comics,Good,79,None,0,Red,https://vignette.wikia.nocookie.net/marveldatabase/images/d/d8/Star-Lord_Vol_2_2_Textless.jpg/revision/latest?cb=20161018191307
Stardust,Male,Cosmic Entity,171,Marvel Comics,Good,202,Cosmic Power,40,Silver,https://upload.wikimedia.org/wikipedia/en/3/3d/Stardust1.JPG
Starfire,Female,Alien,193,DC Comics,Good,71,Alien Power,10,Purple,https://upload.wikimedia.org/wikipedia/en/thumb/f/f8/Starfire_%28Koriand%27r%29_-DC_Rebirth_version.jpg/250px-Starfire_%28Koriand%27r%29_-DC_Rebirth_version.jpg
Stargirl,Female,Human,165,DC Comics,Good,62,None,0,Blue,https://upload.wikimedia.org/wikipedia/en/thumb/e/e0/JSA_81.jpg/250px-JSA_81.jpg
Static,Male,Mutant,170,DC Comics,Good,63,Elemental Manipulation,15,Yellow,https://upload.wikimedia.org/wikipedia/en/thumb/e/e2/New_52_Static.jpg/200px-New_52_Static.jpg
Steel,Male,Human,201,DC Comics,Good,131,Enhanced Physiology,10,Silver,https://vignette.wikia.nocookie.net/marvel_dc/images/4/42/John_Henry_Irons_PE_001.jpg/revision/latest?cb=20140406034944
Steppenwolf,Male,God / Eternal,183,DC Comics,Bad,91,Godlike Power,50,Black,https://upload.wikimedia.org/wikipedia/en/9/98/Steppenwolf_Earth_2_1.png
Storm,Female,Mutant,180,Marvel Comics,Good,57,Elemental Manipulation,15,White,https://upload.wikimedia.org/wikipedia/en/thumb/1/16/Storm_%28Marvel_Comics_-_1990s%29.png/170px-Storm_%28Marvel_Comics_-_1990s%29.png
Sunspot,Male,Mutant,173,Marvel Comics,Good,77,Elemental Manipulation,15,Yellow,https://upload.wikimedia.org/wikipedia/en/thumb/1/1a/Roberto_da_Costa.jpg/250px-Roberto_da_Costa.jpg
Superboy,Male,Clone,170,DC Comics,Good,68,Alien Power,10,Black,https://upload.wikimedia.org/wikipedia/en/thumb/b/bb/Superboy_%28Kon-El%29_2.png/250px-Superboy_%28Kon-El%29_2.png
Superboy-Prime,Male,Alien,180,DC Comics,Bad,77,Alien Power,10,Red,https://upload.wikimedia.org/wikipedia/en/thumb/6/67/Superboyic6.PNG/250px-Superboyic6.PNG
Supergirl,Female,Alien,165,DC Comics,Good,54,Alien Power,10,Blue,https://vignette.wikia.nocookie.net/marvel_dc/images/7/72/Kara_Zor-El_003.jpg/revision/latest?cb=20070708185332
Superman,Male,Alien,191,DC Comics,Good,101,Alien Power,10,Blue,https://static.comicvine.com/uploads/scale_medium/13/132327/6507037-28872490_1638064799604695_1250122498385004714_n.jpg
Swamp Thing,Male,Elemental,167,DC Comics,Bad,170,Magic,30,None,https://upload.wikimedia.org/wikipedia/en/7/72/Swamp_thing_09_1974.jpg
Swarm,Male,Mutant,196,Marvel Comics,Bad,47,Size Manipulation,7,Red,https://static.comicvine.com/uploads/scale_medium/1/15776/625439-swarm.jpg
Synch,Male,Mutant,180,Marvel Comics,Good,74,Mimicry,15,Yellow,https://upload.wikimedia.org/wikipedia/en/2/2d/XMEN_Synch.jpg
Taskmaster,Male,Human,188,Marvel Comics,Bad,99,Mimicry,15,White,https://vignette.wikia.nocookie.net/marveldatabase/images/0/08/Taskmaster_Vol_2_1_Solicit.jpg/revision/latest?cb=20101203013637
Thanos,Male,Eternal,201,Marvel Comics,Bad,443,Cosmic Power,40,Blue,https://vignette.wikia.nocookie.net/marveldatabase/images/1/1c/Avengers_Assemble_Vol_2_3_Variant_Textless.jpg/revision/latest?cb=20120510211930
The Comedian,Male,Human,188,DC Comics,Neutral,101,None,0,Black,https://vignette.wikia.nocookie.net/marvel_dc/images/2/21/Edward_Blake_Watchmen_0001.png/revision/latest?cb=20180125055424
Thing,Male,Human,183,Marvel Comics,Good,225,Superhuman Strength,10,Blue,https://upload.wikimedia.org/wikipedia/en/thumb/2/28/Thing_Dark_Reign_Fantastic_Four.png/250px-Thing_Dark_Reign_Fantastic_Four.png
Thor,Male,God / Eternal,198,Marvel Comics,Good,288,Godlike Power,50,Silver,https://upload.wikimedia.org/wikipedia/en/thumb/4/47/Thor_%28Ultimate_Marvel_character%29.jpg/250px-Thor_%28Ultimate_Marvel_character%29.jpg
Thor II,Female,God / Eternal,175,Marvel Comics,Good,143,Godlike Power,50,Silver,https://static.comicvine.com/uploads/scale_small/6/68566/5745491-4864482-jane_foster_%28earth-616%29_from_thor_vol_4_1.jpg
Thunderbird,Male,Mutant,185,Marvel Comics,Good,101,Superhuman Strength,10,Red,http://www.marveldirectory.com/pictures/individuals/t_1d/thunderbird.jpg
Thunderstrike,Male,Human,198,Marvel Comics,Good,288,Enhanced Physiology,10,Black,https://vignette.wikia.nocookie.net/marveldatabase/images/9/9d/Kevin_Masterson_%28Earth-616%29_0001.jpg/revision/latest?cb=20110430003445
Thundra,Female,Metahuman,218,Marvel Comics,Good,158,Enhanced Physiology,10,Red,https://upload.wikimedia.org/wikipedia/en/thumb/2/22/Hulkrt_cvr.jpg/250px-Hulkrt_cvr.jpg
Tiger Shark,Male,Metahuman,185,Marvel Comics,Bad,203,Animal Attributes,5,None,https://vignette.wikia.nocookie.net/marveldatabase/images/a/a5/Villains_for_Hire_Vol_1_3_Textless.jpg/revision/latest/scale-to-width-down/250?cb=20111122032945
Tigra,Female,Metahuman,178,Marvel Comics,Good,81,Animal Attributes,5,Purple,https://static.comicvine.com/uploads/scale_small/11112/111123579/6525541-west_coast_avengers_vol_3_2_textless.jpg
Tinkerer,Male,Human,163,Marvel Comics,Bad,54,None,0,None,https://static.comicvine.com/uploads/scale_small/10/101073/2055173-tinkerer.png
Toad,Male,Mutant,175,Marvel Comics,Neutral,76,Animal Attributes,5,Black,https://vignette.wikia.nocookie.net/marveldatabase/images/f/fb/Mortimer_Toynbee_%28Earth-616%29_from_X-Men_Blue_Vol_1_7_001.jpg/revision/latest?cb=20180606025832
Toxin,Male,Symbiote,188,Marvel Comics,Good,97,Poison Manipulation,5,Red,https://upload.wikimedia.org/wikipedia/en/thumb/3/36/TOXIN3.jpg/250px-TOXIN3.jpg
Trickster,Male,Human,183,DC Comics,Neutral,81,None,0,Purple,https://upload.wikimedia.org/wikipedia/en/e/e1/Trickster_%28James_Jesse%29.png
Trigon,Male,Demon,2000,DC Comics,Bad,183,Godlike Power,50,None,https://upload.wikimedia.org/wikipedia/en/thumb/2/26/Trigon_%28The_New_52_version%29.jpg/250px-Trigon_%28The_New_52_version%29.jpg
Triplicate Girl,Female,Metahuman,168,DC Comics,Good,59,Duplication,5,Pink,https://vignette.wikia.nocookie.net/marvel_dc/images/5/55/Triad_01.jpg/revision/latest?cb=20090102211534
Triton,Male,Inhuman,188,Marvel Comics,Good,86,Alien Power,10,Green,https://upload.wikimedia.org/wikipedia/en/d/df/Triton_-_sii_04.png
Two-Face,Male,Human,183,DC Comics,Bad,82,None,0,None,https://vignette.wikia.nocookie.net/batman/images/a/a0/1692963-profile_twoface.jpeg/revision/latest?cb=20111103064141
Ultragirl,Female,Metahuman,168,Marvel Comics,Good,105,Enhanced Physiology,10,Orange,https://vignette.wikia.nocookie.net/marveldatabase/images/6/6b/Tsu-Zana_%28Earth-616%29.jpg/revision/latest?cb=20091208001545
Ultron,Male,Android,206,Marvel Comics,Bad,331,Cybernetic Enhancements,7,Silver,https://upload.wikimedia.org/wikipedia/en/4/4f/Ultron2013.jpg
Valkyrie,Female,God / Eternal,191,Marvel Comics,Good,214,Godlike Power,50,Silver,https://static.comicvine.com/uploads/original/6/64959/1514331-new_ultimates_004_pg_17_copy.jpg
Vanisher,Male,Mutant,165,Marvel Comics,Bad,79,Invisibility,10,Green,https://vignette.wikia.nocookie.net/marveldatabase/images/6/6c/Vanisher_%28Earth-616%29_from_X-Men_Battle_of_the_Atom_%28video_game%29_001.jpg/revision/latest?cb=20171022011724
Venom,Male,Symbiote,191,Marvel Comics,Bad,117,Alien Power,10,Black,https://upload.wikimedia.org/wikipedia/en/thumb/f/ff/Web_of_Venom.png/250px-Web_of_Venom.png
Vertigo,Female,Human,168,Marvel Comics,Good,52,Psychic,30,Green,https://upload.wikimedia.org/wikipedia/en/thumb/1/18/Vertigo236.jpg/250px-Vertigo236.jpg
Vibe,Male,Metahuman,178,DC Comics,Good,71,Energy Manipulation,15,Red,https://vignette.wikia.nocookie.net/marvel_dc/images/1/19/Justice_League_of_America%27s_Vibe_Vol_1_1_Textless.jpg/revision/latest?cb=20140723205046
Vindicator,Female,Human,165,Marvel Comics,Good,54,None,0,Green,https://upload.wikimedia.org/wikipedia/en/4/49/Vindicator.jpg
Vision,Male,Android,191,Marvel Comics,Good,135,Cybernetic Enhancements,7,Green,https://upload.wikimedia.org/wikipedia/en/thumb/e/ea/Avengers_Vol_4_24.1.jpg/250px-Avengers_Vol_4_24.1.jpg
Vixen,Female,Metahuman,175,DC Comics,Good,63,Magic,30,Yellow,https://upload.wikimedia.org/wikipedia/en/f/f3/Vixen_%28DC_Comics_character%29.png
Vulcan,Male,Mutant,178,Marvel Comics,Good,183,Energy Manipulation,15,Red,https://upload.wikimedia.org/wikipedia/en/thumb/e/e1/X-Men_-_Kingbreaker_1.jpg/250px-X-Men_-_Kingbreaker_1.jpg
Vulture,Male,Human,180,Marvel Comics,Bad,79,Enhanced Physiology,10,Green,https://upload.wikimedia.org/wikipedia/en/4/46/Vulture_%28Adrian_Toomes%29.png
War Machine,Male,Human,185,Marvel Comics,Good,95,None,0,Black,https://upload.wikimedia.org/wikipedia/en/thumb/5/51/War_Machine_%28James_Rhodes%29.jpg/250px-War_Machine_%28James_Rhodes%29.jpg
Warbird,Female,Alien,180,Marvel Comics,Good,54,Energy Manipulation,15,Black,https://vignette.wikia.nocookie.net/marveldatabase/images/4/44/Ms._Marvel_Vol_4_2_Campbell_Variant_Textless.jpg/revision/latest/scale-to-width-down/250?cb=20151113215753
Warlock,Male,Alien,188,Marvel Comics,Good,108,Cybernetic Enhancements,7,Yellow,https://upload.wikimedia.org/wikipedia/en/thumb/4/4d/Technarchy.jpg/250px-Technarchy.jpg
Warp,Male,Metahuman,173,DC Comics,Bad,67,Teleportation,7,Orange,https://vignette.wikia.nocookie.net/marvel_dc/images/1/12/Warp_Prime_Earth_01.jpg/revision/latest?cb=20130921021630
Warpath,Male,Mutant,218,Marvel Comics,Good,158,Superhuman Strength,10,Blue,https://vignette.wikia.nocookie.net/marveldatabase/images/4/49/James_Proudstar_%28Earth-616%29.jpg/revision/latest?cb=20100919032406
Wasp,Female,Human,163,Marvel Comics,Good,50,Size Manipulation,7,Yellow,https://static.comicvine.com/uploads/scale_small/10/100647/6039335-wasp.jpg
Watcher,Male,Cosmic Entity,2000,Marvel Comics,Good,2000,Cosmic Power,40,Blue,https://upload.wikimedia.org/wikipedia/en/1/19/Uatu_%28Marvel_Comics_character%29.jpg
White Canary,Female,Human,150,DC Comics,Bad,169,None,0,White,https://vignette.wikia.nocookie.net/marvel_dc/images/5/58/White_Canary_%28New_Earth%29_01.jpg/revision/latest?cb=20110905143349
Winter Soldier,Male,Metahuman,175,Marvel Comics,Good,117,Enhanced Physiology,10,Black,https://upload.wikimedia.org/wikipedia/en/2/26/Winter_Soldier_%28Bucky_Barnes%29.jpg
Wolfsbane,Female,Mutant,366,Marvel Comics,Good,473,Animal Attributes,5,Yellow,https://upload.wikimedia.org/wikipedia/en/thumb/0/0e/XFACT011_color_cov.jpg/250px-XFACT011_color_cov.jpg
Wolverine,Male,Mutant,160,Marvel Comics,Good,135,Healing Factor,15,Yellow,https://upload.wikimedia.org/wikipedia/en/c/c8/Marvelwolverine.jpg
Wonder Girl,Female,God / Eternal,165,DC Comics,Good,51,Godlike Power,50,Black,https://static.comicvine.com/uploads/original/1/14487/3198640-wonder+girl.jpg
Wonder Man,Male,Metahuman,188,Marvel Comics,Good,171,Energy Manipulation,15,Black,https://upload.wikimedia.org/wikipedia/en/thumb/b/b2/WonderMan-1.jpg/250px-WonderMan-1.jpg
Wonder Woman,Female,God / Eternal,183,DC Comics,Good,74,Godlike Power,50,Gold,https://static.comicvine.com/uploads/scale_small/10/103530/6444044-4130984370-aHR0cDovL3d3dy5uZXdzYXJhbWEuY29tL2ltYWdlcy9pLzAwMC8yMjcvMjY2L29yaWdpbmFsL0pMXzFfdmFyX01hcmtfQnJvb2tzX2IuanBn
X-23,Female,Clone,155,Marvel Comics,Good,50,Healing Factor,15,Black,https://upload.wikimedia.org/wikipedia/en/thumb/3/35/X23-character.jpg/250px-X23-character.jpg
X-Man,Male,Mutant,175,Marvel Comics,Good,61,Psychic,30,Yellow,https://upload.wikimedia.org/wikipedia/en/thumb/7/7e/Nate_Grey_%28X-Man%29.png/250px-Nate_Grey_%28X-Man%29.png
Yellowjacket,Male,Human,183,Marvel Comics,Good,83,Size Manipulation,7,Yellow,https://vignette.wikia.nocookie.net/marveldatabase/images/8/85/Henry_Pym_%28Earth-616%29_from_Avengers_Vol_1_501_001.jpg/revision/latest/scale-to-width-down/250?cb=20180220173809
Zatanna,Female,Human,170,DC Comics,Good,57,Magic,30,Black,https://static.comicvine.com/uploads/original/11112/111123579/6545837-zatanna.jpg
Zoom,Male,Metahuman,185,DC Comics,Bad,81,Superhuman Speed,10,Yellow,https://upload.wikimedia.org/wikipedia/en/thumb/f/f3/HunterZolomonZoom.jpg/250px-HunterZolomonZoom.jpg